county,race,cand,mean,sd,ci_95_lower,ci_95_upper
Hawaii County,vap_white,pre_16_dem_cli,0.5891269414675233,0.05466273767895252,0.4802058672267091,0.7016521374075932
Hawaii County,vap_white,pre_16_rep_tru,0.4108730585324767,0.05466273767895252,0.29834786259240664,0.5197941327732908
Hawaii County,vap_black,pre_16_dem_cli,0.5187693429237742,0.17139973213380125,0.1928389894262182,0.8278848800432264
Hawaii County,vap_black,pre_16_rep_tru,0.4812306570762258,0.17139973213380125,0.17211511995677362,0.8071610105737814
Hawaii County,vap_hisp,pre_16_dem_cli,0.504734149276009,0.17888385960849348,0.1696220576592198,0.8299109669279834
Hawaii County,vap_hisp,pre_16_rep_tru,0.49526585072399093,0.17888385960849348,0.17008903307201637,0.8303779423407801
Hawaii County,vap_asian,pre_16_dem_cli,0.7968732809196305,0.06981028338983727,0.6607210831890066,0.9270934372468436
Hawaii County,vap_asian,pre_16_rep_tru,0.20312671908036953,0.06981028338983727,0.0729065627531565,0.3392789168109934
Hawaii County,vap_aian,pre_16_dem_cli,0.5049826148204887,0.16746901047371607,0.19467187709781705,0.8188432467300236
Hawaii County,vap_aian,pre_16_rep_tru,0.4950173851795113,0.16746901047371607,0.18115675326997638,0.8053281229021829
Hawaii County,vap_oth_b,pre_16_dem_cli,0.8186080487005777,0.06563086445822076,0.6677063392866247,0.9203493700355789
Hawaii County,vap_oth_b,pre_16_rep_tru,0.18139195129942232,0.06563086445822076,0.07965062996442109,0.3322936607133754
Hawaii County,vap_white,uss_16_dem_sch,0.6895030128522711,0.043910976823587376,0.5967327120118284,0.7726710757769482
Hawaii County,vap_white,uss_16_rep_car,0.31049698714772883,0.043910976823587376,0.22732892422305162,0.4032672879881716
Hawaii County,vap_black,uss_16_dem_sch,0.5017528657277355,0.16601609433512965,0.20141079530947767,0.8168135185813614
Hawaii County,vap_black,uss_16_rep_car,0.4982471342722646,0.16601609433512965,0.18318648141863836,0.7985892046905223
Hawaii County,vap_hisp,uss_16_dem_sch,0.5428386287325876,0.166919949185283,0.2200244118185824,0.8405569924540558
Hawaii County,vap_hisp,uss_16_rep_car,0.45716137126741235,0.166919949185283,0.15944300754594404,0.7799755881814175
Hawaii County,vap_asian,uss_16_dem_sch,0.866077479167206,0.04712832782567113,0.756403012647983,0.9400474992592417
Hawaii County,vap_asian,uss_16_rep_car,0.133922520832794,0.04712832782567113,0.059952500740758224,0.24359698735201687
Hawaii County,vap_aian,uss_16_dem_sch,0.5095572425310602,0.16107110948299203,0.2118534062808178,0.8233067814791609
Hawaii County,vap_aian,uss_16_rep_car,0.49044275746893984,0.16107110948299203,0.1766932185208392,0.788146593719182
Hawaii County,vap_oth_b,uss_16_dem_sch,0.9053194484076901,0.03373940298009202,0.8277074450326958,0.9597058205027059
Hawaii County,vap_oth_b,uss_16_rep_car,0.09468055159231001,0.03373940298009202,0.040294179497294205,0.17229255496730425
Hawaii County,vap_white,uss_18_dem_hir,0.6713864965685066,0.052702633719860156,0.5707129289214897,0.777898694311365
Hawaii County,vap_white,uss_18_rep_cur,0.32861350343149337,0.052702633719860156,0.22210130568863484,0.42928707107851016
Hawaii County,vap_black,uss_18_dem_hir,0.5061259601283186,0.16869495769277912,0.1786579206211951,0.8173123118419592
Hawaii County,vap_black,uss_18_rep_cur,0.4938740398716815,0.16869495769277912,0.18268768815804085,0.821342079378805
Hawaii County,vap_hisp,uss_18_dem_hir,0.4448275673878131,0.17174146779632732,0.12046691221927217,0.7643562725883525
Hawaii County,vap_hisp,uss_18_rep_cur,0.5551724326121869,0.17174146779632735,0.2356437274116473,0.8795330877807277
Hawaii County,vap_asian,uss_18_dem_hir,0.8320374919759511,0.06254720704796937,0.6967669244619136,0.9391888283727033
Hawaii County,vap_asian,uss_18_rep_cur,0.16796250802404886,0.06254720704796937,0.06081117162729653,0.3032330755380865
Hawaii County,vap_aian,uss_18_dem_hir,0.5060387677798873,0.16514519393238805,0.206739776255379,0.830761637895385
Hawaii County,vap_aian,uss_18_rep_cur,0.4939612322201126,0.16514519393238805,0.16923836210461474,0.7932602237446209
Hawaii County,vap_oth_b,uss_18_dem_hir,0.8442965438528265,0.0690948165505282,0.6781873434053537,0.9414533052097115
Hawaii County,vap_oth_b,uss_18_rep_cur,0.15570345614717354,0.0690948165505282,0.0585466947902886,0.3218126565946462
Hawaii County,vap_white,gov_18_dem_ige,0.6577158785843674,0.06199711182258742,0.5312298353176509,0.7778687803911108
Hawaii County,vap_white,gov_18_rep_tup,0.3422841214156325,0.06199711182258742,0.22213121960888915,0.46877016468234906
Hawaii County,vap_black,gov_18_dem_ige,0.4941718946450361,0.17895663872398937,0.17407221348236482,0.8472766685609726
Hawaii County,vap_black,gov_18_rep_tup,0.505828105354964,0.17895663872398937,0.15272333143902744,0.8259277865176352
Hawaii County,vap_hisp,gov_18_dem_ige,0.47355012710983213,0.20511285240217825,0.12819285109548686,0.8698710304354702
Hawaii County,vap_hisp,gov_18_rep_tup,0.5264498728901679,0.20511285240217825,0.13012896956452957,0.871807148904513
Hawaii County,vap_asian,gov_18_dem_ige,0.7979036637229764,0.07871379286665595,0.6166672583652497,0.9211831752565057
Hawaii County,vap_asian,gov_18_rep_tup,0.20209633627702367,0.07871379286665595,0.07881682474349433,0.3833327416347502
Hawaii County,vap_aian,gov_18_dem_ige,0.4907186729592552,0.16853497309150398,0.16611597076888263,0.803556818840021
Hawaii County,vap_aian,gov_18_rep_tup,0.5092813270407448,0.16853497309150398,0.19644318115997902,0.8338840292311174
Hawaii County,vap_oth_b,gov_18_dem_ige,0.6921100685682207,0.10127400189971365,0.479205953875875,0.8666462194880759
Hawaii County,vap_oth_b,gov_18_rep_tup,0.3078899314317794,0.10127400189971365,0.13335378051192415,0.5207940461241249
Hawaii County,vap_white,pre_20_dem_bid,0.6197415504941955,0.05903837725897511,0.5143735751801984,0.7455251721376962
Hawaii County,vap_white,pre_20_rep_tru,0.3802584495058044,0.05903837725897511,0.2544748278623037,0.48562642481980134
Hawaii County,vap_black,pre_20_dem_bid,0.48373846409011895,0.16342948865844031,0.16880102340852768,0.7939930422567354
Hawaii County,vap_black,pre_20_rep_tru,0.5162615359098811,0.16342948865844031,0.20600695774326463,0.8311989765914725
Hawaii County,vap_hisp,pre_20_dem_bid,0.4369518964001365,0.18727529992979247,0.12178294409146567,0.8068164363602472
Hawaii County,vap_hisp,pre_20_rep_tru,0.5630481035998635,0.18727529992979247,0.19318356363975256,0.8782170559085342
Hawaii County,vap_asian,pre_20_dem_bid,0.7824364790180535,0.08339963852240814,0.5837068901940947,0.9133747014025282
Hawaii County,vap_asian,pre_20_rep_tru,0.21756352098194656,0.08339963852240814,0.08662529859747177,0.4162931098059053
Hawaii County,vap_aian,pre_20_dem_bid,0.47737149981699983,0.16260191905121538,0.15795854906445514,0.786436199095117
Hawaii County,vap_aian,pre_20_rep_tru,0.5226285001830001,0.16260191905121538,0.21356380090488292,0.8420414509355446
Hawaii County,vap_oth_b,pre_20_dem_bid,0.7716891601024678,0.08583908019138807,0.5750817714273025,0.9149589940453728
Hawaii County,vap_oth_b,pre_20_rep_tru,0.2283108398975322,0.08583908019138807,0.08504100595462728,0.4249182285726973
Honolulu County,vap_white,pre_16_dem_cli,0.6946769730772577,0.02629362052632456,0.6432088181283365,0.7467843195676335
Honolulu County,vap_white,pre_16_rep_tru,0.30532302692274216,0.02629362052632456,0.2532156804323665,0.35679118187166337
Honolulu County,vap_black,pre_16_dem_cli,0.6365226114846732,0.13840578281088228,0.34659352677337585,0.8637768796116944
Honolulu County,vap_black,pre_16_rep_tru,0.3634773885153269,0.13840578281088228,0.13622312038830547,0.6534064732266239
Honolulu County,vap_hisp,pre_16_dem_cli,0.3150018039824772,0.07850776763429297,0.17683563021731785,0.48519816212259254
Honolulu County,vap_hisp,pre_16_rep_tru,0.6849981960175229,0.07850776763429297,0.5148018378774074,0.8231643697826821
Honolulu County,vap_asian,pre_16_dem_cli,0.7449326359544534,0.01255779604283851,0.7221900093416582,0.7713104885373255
Honolulu County,vap_asian,pre_16_rep_tru,0.25506736404554664,0.012557796042838512,0.22868951146267447,0.2778099906583418
Honolulu County,vap_aian,pre_16_dem_cli,0.5147044361079504,0.16192617111161564,0.2078633132145846,0.860735944357818
Honolulu County,vap_aian,pre_16_rep_tru,0.4852955638920496,0.16192617111161564,0.13926405564218194,0.7921366867854153
Honolulu County,vap_oth_b,pre_16_dem_cli,0.5917640941156169,0.026941686904022488,0.5362016583022233,0.6435967885936258
Honolulu County,vap_oth_b,pre_16_rep_tru,0.408235905884383,0.026941686904022485,0.3564032114063742,0.4637983416977767
Honolulu County,vap_white,uss_16_dem_sch,0.6818897728382131,0.0258189849938062,0.628669046798822,0.7297837761842362
Honolulu County,vap_white,uss_16_rep_car,0.3181102271617868,0.0258189849938062,0.2702162238157636,0.3713309532011779
Honolulu County,vap_black,uss_16_dem_sch,0.7088643087527584,0.09372510944410822,0.5158304649102562,0.8725398652569929
Honolulu County,vap_black,uss_16_rep_car,0.2911356912472416,0.09372510944410822,0.12746013474300708,0.48416953508974386
Honolulu County,vap_hisp,uss_16_dem_sch,0.5083029187237229,0.09622575886236659,0.306071583605357,0.6774411540104217
Honolulu County,vap_hisp,uss_16_rep_car,0.49169708127627715,0.09622575886236659,0.3225588459895781,0.6939284163946431
Honolulu County,vap_asian,uss_16_dem_sch,0.8342988401167398,0.010338750172865693,0.8135872713783927,0.8544035248959583
Honolulu County,vap_asian,uss_16_rep_car,0.16570115988326015,0.010338750172865693,0.1455964751040417,0.1864127286216072
Honolulu County,vap_aian,uss_16_dem_sch,0.4739859313311738,0.14932485797741302,0.19927040090019904,0.7519740280560493
Honolulu County,vap_aian,uss_16_rep_car,0.5260140686688262,0.14932485797741302,0.24802597194395054,0.8007295990998009
Honolulu County,vap_oth_b,uss_16_dem_sch,0.755672109236561,0.02681370107173265,0.7065543499001965,0.8092953589662363
Honolulu County,vap_oth_b,uss_16_rep_car,0.24432789076343897,0.02681370107173265,0.1907046410337636,0.2934456500998033
Honolulu County,vap_white,uss_18_dem_hir,0.6726139211122961,0.028421082836475,0.6141139396142495,0.7262583315313195
Honolulu County,vap_white,uss_18_rep_cur,0.3273860788877038,0.028421082836475,0.2737416684686803,0.38588606038575035
Honolulu County,vap_black,uss_18_dem_hir,0.6666927076879375,0.10925251576735566,0.4344036691546341,0.8467497541308044
Honolulu County,vap_black,uss_18_rep_cur,0.3333072923120625,0.10925251576735566,0.15325024586919545,0.565596330845366
Honolulu County,vap_hisp,uss_18_dem_hir,0.44490122744866123,0.09822209995789072,0.263833733355308,0.6683985987484026
Honolulu County,vap_hisp,uss_18_rep_cur,0.5550987725513388,0.09822209995789072,0.3316014012515974,0.7361662666446919
Honolulu County,vap_asian,uss_18_dem_hir,0.7687536708575157,0.011824608027400476,0.745804159543015,0.7922290906280026
Honolulu County,vap_asian,uss_18_rep_cur,0.23124632914248427,0.011824608027400476,0.20777090937199727,0.25419584045698496
Honolulu County,vap_aian,uss_18_dem_hir,0.48079099650475393,0.16357487416750116,0.16203368780649818,0.7793077203165418
Honolulu County,vap_aian,uss_18_rep_cur,0.519209003495246,0.16357487416750116,0.220692279683458,0.8379663121935017
Honolulu County,vap_oth_b,uss_18_dem_hir,0.6472263969411027,0.027689905063507894,0.5897281395650025,0.6988271688220321
Honolulu County,vap_oth_b,uss_18_rep_cur,0.3527736030588972,0.027689905063507894,0.3011728311779678,0.4102718604349974
Honolulu County,vap_white,gov_18_dem_ige,0.6916799403461187,0.03237223476464271,0.6240252911754439,0.7500208702078461
Honolulu County,vap_white,gov_18_rep_tup,0.3083200596538812,0.03237223476464271,0.2499791297921538,0.37597470882455597
Honolulu County,vap_black,gov_18_dem_ige,0.5191613590617022,0.1331836855081587,0.2768668767980233,0.7694443018818917
Honolulu County,vap_black,gov_18_rep_tup,0.48083864093829776,0.1331836855081587,0.23055569811810822,0.7231331232019768
Honolulu County,vap_hisp,gov_18_dem_ige,0.4415971617666141,0.11751242970751563,0.2317911177287408,0.6765257049508765
Honolulu County,vap_hisp,gov_18_rep_tup,0.5584028382333859,0.11751242970751563,0.3234742950491234,0.7682088822712592
Honolulu County,vap_asian,gov_18_dem_ige,0.7953656810612818,0.013339242686136602,0.7681782519100551,0.8209430547445408
Honolulu County,vap_asian,gov_18_rep_tup,0.2046343189387182,0.013339242686136604,0.17905694525545932,0.231821748089945
Honolulu County,vap_aian,gov_18_dem_ige,0.4819719069894637,0.17317305641111416,0.19646543668412267,0.8000654408807328
Honolulu County,vap_aian,gov_18_rep_tup,0.5180280930105362,0.17317305641111416,0.19993455911926716,0.8035345633158774
Honolulu County,vap_oth_b,gov_18_dem_ige,0.3705014103299818,0.03183655573165278,0.3102667910133578,0.43820393751305503
Honolulu County,vap_oth_b,gov_18_rep_tup,0.6294985896700181,0.03183655573165278,0.5617960624869449,0.6897332089866421
Honolulu County,vap_white,pre_20_dem_bid,0.7954515987411027,0.025838062467326617,0.7356569045567636,0.839648251639689
Honolulu County,vap_white,pre_20_rep_tru,0.20454840125889714,0.025838062467326617,0.16035174836031088,0.2643430954432362
Honolulu County,vap_black,pre_20_dem_bid,0.4571664624029127,0.13864366177515675,0.20102871046550094,0.7157680447990393
Honolulu County,vap_black,pre_20_rep_tru,0.5428335375970873,0.13864366177515675,0.28423195520096056,0.7989712895344989
Honolulu County,vap_hisp,pre_20_dem_bid,0.2437977662818633,0.0937952207966595,0.10246956473275226,0.4286984512090555
Honolulu County,vap_hisp,pre_20_rep_tru,0.7562022337181367,0.0937952207966595,0.5713015487909445,0.8975304352672477
Honolulu County,vap_asian,pre_20_dem_bid,0.707359154499408,0.011575171440727809,0.6847968564509296,0.7302993857728926
Honolulu County,vap_asian,pre_20_rep_tru,0.292640845500592,0.011575171440727809,0.26970061422710745,0.3152031435490704
Honolulu County,vap_aian,pre_20_dem_bid,0.46735267294465893,0.1459821591209128,0.22200750050060547,0.7491477868397225
Honolulu County,vap_aian,pre_20_rep_tru,0.532647327055341,0.1459821591209128,0.25085221316027734,0.7779924994993945
Honolulu County,vap_oth_b,pre_20_dem_bid,0.5150467274785994,0.026324588036288826,0.45943045385363546,0.5657183314565787
Honolulu County,vap_oth_b,pre_20_rep_tru,0.4849532725214007,0.026324588036288826,0.4342816685434212,0.5405695461463645
Kauai County,vap_white,pre_16_dem_cli,0.7152233846382121,0.07336069961032295,0.5634882525740664,0.8514503526706798
Kauai County,vap_white,pre_16_rep_tru,0.2847766153617879,0.07336069961032295,0.14854964732932024,0.4365117474259337
Kauai County,vap_black,pre_16_dem_cli,0.4926580786366796,0.16934128047468192,0.17917806420878793,0.8112014303834708
Kauai County,vap_black,pre_16_rep_tru,0.5073419213633205,0.16934128047468192,0.18879856961652927,0.8208219357912121
Kauai County,vap_hisp,pre_16_dem_cli,0.5262383077668052,0.16898953564325395,0.20822370051079486,0.8376809608514766
Kauai County,vap_hisp,pre_16_rep_tru,0.4737616922331948,0.16898953564325395,0.16231903914852344,0.791776299489205
Kauai County,vap_asian,pre_16_dem_cli,0.7815036548086417,0.0792037237663035,0.6236710360213114,0.9214791716453072
Kauai County,vap_asian,pre_16_rep_tru,0.2184963451913583,0.0792037237663035,0.07852082835469285,0.37632896397868854
Kauai County,vap_aian,pre_16_dem_cli,0.503972846199045,0.17318529473234737,0.1779237882982796,0.8328456206827604
Kauai County,vap_aian,pre_16_rep_tru,0.4960271538009549,0.17318529473234737,0.16715437931723956,0.8220762117017203
Kauai County,vap_oth_b,pre_16_dem_cli,0.5443690292534341,0.10427368268861263,0.3405494009812313,0.7473626070286936
Kauai County,vap_oth_b,pre_16_rep_tru,0.455630970746566,0.10427368268861263,0.2526373929713065,0.6594505990187687
Kauai County,vap_white,uss_16_dem_sch,0.7876456511444933,0.054144274420811156,0.6840597713778627,0.8921007452830734
Kauai County,vap_white,uss_16_rep_car,0.2123543488555068,0.05414427442081116,0.10789925471692675,0.3159402286221374
Kauai County,vap_black,uss_16_dem_sch,0.4852174213225879,0.17775544318826003,0.15814678818686148,0.8175150745121232
Kauai County,vap_black,uss_16_rep_car,0.5147825786774122,0.17775544318826003,0.18248492548787695,0.8418532118131385
Kauai County,vap_hisp,uss_16_dem_sch,0.5521016567686065,0.17098297520564237,0.20617031204857184,0.8571645479808547
Kauai County,vap_hisp,uss_16_rep_car,0.44789834323139355,0.17098297520564237,0.14283545201914533,0.7938296879514279
Kauai County,vap_asian,uss_16_dem_sch,0.8909794772178579,0.051686715996779445,0.7745010776170633,0.9705895593405016
Kauai County,vap_asian,uss_16_rep_car,0.10902052278214218,0.051686715996779445,0.02941044065949844,0.22549892238293676
Kauai County,vap_aian,uss_16_dem_sch,0.49640217217705984,0.1771761731926453,0.17527675233890957,0.8332440625104464
Kauai County,vap_aian,uss_16_rep_car,0.5035978278229402,0.1771761731926453,0.16675593748955345,0.8247232476610901
Kauai County,vap_oth_b,uss_16_dem_sch,0.7655804047047117,0.07308841079249852,0.6158294359638142,0.8922183559616662
Kauai County,vap_oth_b,uss_16_rep_car,0.2344195952952884,0.07308841079249852,0.10778164403833393,0.3841705640361858
Kauai County,vap_white,uss_18_dem_hir,0.7617543395975894,0.06058038823059921,0.6451849475688357,0.8832465498326307
Kauai County,vap_white,uss_18_rep_cur,0.23824566040241058,0.06058038823059921,0.1167534501673691,0.35481505243116435
Kauai County,vap_black,uss_18_dem_hir,0.5514060974932284,0.20646934708301895,0.15729031316910203,0.9119171444233225
Kauai County,vap_black,uss_18_rep_cur,0.44859390250677167,0.20646934708301895,0.08808285557667758,0.842709686830898
Kauai County,vap_hisp,uss_18_dem_hir,0.525445715259645,0.1650345003468681,0.20084752531073097,0.8305463479384801
Kauai County,vap_hisp,uss_18_rep_cur,0.47455428474035505,0.1650345003468681,0.16945365206151977,0.799152474689269
Kauai County,vap_asian,uss_18_dem_hir,0.8289138299456116,0.07751312491058243,0.6637574145571804,0.9607242805182709
Kauai County,vap_asian,uss_18_rep_cur,0.17108617005438845,0.07751312491058243,0.039275719481729233,0.3362425854428196
Kauai County,vap_aian,uss_18_dem_hir,0.5095820838238554,0.18101442615632737,0.15851250623197655,0.8470560241027191
Kauai County,vap_aian,uss_18_rep_cur,0.4904179161761445,0.18101442615632737,0.1529439758972808,0.8414874937680233
Kauai County,vap_oth_b,uss_18_dem_hir,0.6990081364835006,0.10133293538983239,0.502008765137581,0.8842887781809932
Kauai County,vap_oth_b,uss_18_rep_cur,0.3009918635164994,0.10133293538983239,0.11571122181900692,0.49799123486241903
Kauai County,vap_white,gov_18_dem_ige,0.7403369796409809,0.0772807887226312,0.574865243593811,0.8797916964381023
Kauai County,vap_white,gov_18_rep_tup,0.2596630203590191,0.0772807887226312,0.12020830356189768,0.4251347564061891
Kauai County,vap_black,gov_18_dem_ige,0.49323476596863575,0.17506354814701108,0.16449098535585646,0.8272832472477356
Kauai County,vap_black,gov_18_rep_tup,0.5067652340313643,0.17506354814701108,0.1727167527522643,0.8355090146441436
Kauai County,vap_hisp,gov_18_dem_ige,0.500671977959009,0.17069618563100805,0.18176308606563252,0.8286616241831134
Kauai County,vap_hisp,gov_18_rep_tup,0.4993280220409911,0.17069618563100805,0.1713383758168865,0.8182369139343676
Kauai County,vap_asian,gov_18_dem_ige,0.7892037614955724,0.1159179144247438,0.5489335754443933,0.9564689689807874
Kauai County,vap_asian,gov_18_rep_tup,0.21079623850442766,0.1159179144247438,0.043531031019212574,0.45106642455560664
Kauai County,vap_aian,gov_18_dem_ige,0.49903030957054667,0.18402221461070287,0.1477404645887265,0.8547734065421018
Kauai County,vap_aian,gov_18_rep_tup,0.5009696904294533,0.18402221461070287,0.14522659345789787,0.8522595354112734
Kauai County,vap_oth_b,gov_18_dem_ige,0.4577306465704852,0.14697375614041627,0.20404641625499187,0.7427647028412345
Kauai County,vap_oth_b,gov_18_rep_tup,0.5422693534295149,0.14697375614041627,0.2572352971587655,0.795953583745008
Kauai County,vap_white,pre_20_dem_bid,0.7622379714180134,0.07550627738802891,0.5968139208591857,0.8860968864954445
Kauai County,vap_white,pre_20_rep_tru,0.23776202858198658,0.07550627738802891,0.1139031135045556,0.40318607914081417
Kauai County,vap_black,pre_20_dem_bid,0.5081371039082488,0.17120901836938227,0.1811070243998316,0.8225354894831444
Kauai County,vap_black,pre_20_rep_tru,0.4918628960917512,0.17120901836938227,0.17746451051685574,0.8188929756001678
Kauai County,vap_hisp,pre_20_dem_bid,0.4836126366601801,0.1778042670858057,0.1595133834976924,0.8204257895883516
Kauai County,vap_hisp,pre_20_rep_tru,0.5163873633398199,0.1778042670858057,0.17957421041164837,0.8404866165023076
Kauai County,vap_asian,pre_20_dem_bid,0.74812421096553,0.08844342514161818,0.558782336289072,0.9091638374401954
Kauai County,vap_asian,pre_20_rep_tru,0.2518757890344701,0.08844342514161818,0.09083616255980466,0.44121766371092797
Kauai County,vap_aian,pre_20_dem_bid,0.5097371757568187,0.17003982793678651,0.18126938764743053,0.8213536972881074
Kauai County,vap_aian,pre_20_rep_tru,0.4902628242431813,0.17003982793678651,0.17864630271189252,0.8187306123525694
Kauai County,vap_oth_b,pre_20_dem_bid,0.4003018291610601,0.12465565511716763,0.1835083766728267,0.6574072537187234
Kauai County,vap_oth_b,pre_20_rep_tru,0.59969817083894,0.12465565511716763,0.3425927462812765,0.8164916233271733
Maui County,vap_white,pre_16_dem_cli,0.6549759406783067,0.045814724340675926,0.5624010981494731,0.742756955273112
Maui County,vap_white,pre_16_rep_tru,0.3450240593216933,0.045814724340675926,0.25724304472688797,0.4375989018505269
Maui County,vap_black,pre_16_dem_cli,0.4826896652144726,0.16056035006095135,0.19195588307408606,0.7959379603949001
Maui County,vap_black,pre_16_rep_tru,0.5173103347855273,0.16056035006095135,0.20406203960509978,0.8080441169259136
Maui County,vap_hisp,pre_16_dem_cli,0.5000031209845592,0.17953299914805423,0.1806891550145543,0.8386586211167376
Maui County,vap_hisp,pre_16_rep_tru,0.4999968790154407,0.17953299914805423,0.1613413788832622,0.8193108449854458
Maui County,vap_asian,pre_16_dem_cli,0.7821250984688962,0.05818691814761567,0.6634769448500641,0.890368464896282
Maui County,vap_asian,pre_16_rep_tru,0.2178749015311037,0.05818691814761567,0.10963153510371781,0.3365230551499358
Maui County,vap_aian,pre_16_dem_cli,0.5279536684499275,0.1685033894627498,0.21244060764555217,0.8370023527320221
Maui County,vap_aian,pre_16_rep_tru,0.4720463315500725,0.1685033894627498,0.1629976472679779,0.7875593923544477
Maui County,vap_oth_b,pre_16_dem_cli,0.7886917583955442,0.072401326698754,0.629505495845093,0.9008277007081612
Maui County,vap_oth_b,pre_16_rep_tru,0.21130824160445583,0.072401326698754,0.09917229929183874,0.3704945041549069
Maui County,vap_white,uss_16_dem_sch,0.7267987034187775,0.037073408510698354,0.6520105579802014,0.7930857222226838
Maui County,vap_white,uss_16_rep_car,0.2732012965812225,0.037073408510698354,0.20691427777731605,0.3479894420197986
Maui County,vap_black,uss_16_dem_sch,0.4990884033104388,0.16845754296854315,0.17927699146761872,0.8158183832149494
Maui County,vap_black,uss_16_rep_car,0.5009115966895612,0.16845754296854315,0.18418161678505052,0.8207230085323811
Maui County,vap_hisp,uss_16_dem_sch,0.4273352294843423,0.17279441133864515,0.14528934200568688,0.7873588122559954
Maui County,vap_hisp,uss_16_rep_car,0.5726647705156577,0.17279441133864515,0.2126411877440046,0.8547106579943129
Maui County,vap_asian,uss_16_dem_sch,0.8684161641135244,0.04021017900528341,0.7871484325980924,0.9418329478173101
Maui County,vap_asian,uss_16_rep_car,0.13158383588647554,0.04021017900528341,0.05816705218268979,0.2128515674019076
Maui County,vap_aian,uss_16_dem_sch,0.5018335254960826,0.1631488024063506,0.20074913790532037,0.80047991564769
Maui County,vap_aian,uss_16_rep_car,0.4981664745039173,0.1631488024063506,0.1995200843523099,0.7992508620946797
Maui County,vap_oth_b,uss_16_dem_sch,0.8861862066939369,0.041869049946059084,0.7875875499597997,0.9517710723021159
Maui County,vap_oth_b,uss_16_rep_car,0.11381379330606313,0.041869049946059084,0.04822892769788398,0.21241245004020015
Maui County,vap_white,uss_18_dem_hir,0.7305089404878434,0.03949550447215449,0.6480103438161419,0.7987422412542957
Maui County,vap_white,uss_18_rep_cur,0.2694910595121565,0.0394955044721545,0.20125775874570426,0.35198965618385814
Maui County,vap_black,uss_18_dem_hir,0.5020978806402725,0.16053459941179574,0.20797953032275507,0.7991058398652688
Maui County,vap_black,uss_18_rep_cur,0.4979021193597275,0.16053459941179574,0.20089416013473116,0.7920204696772448
Maui County,vap_hisp,uss_18_dem_hir,0.4103439791394726,0.1746281587450393,0.13801089396563965,0.7933734986733346
Maui County,vap_hisp,uss_18_rep_cur,0.5896560208605274,0.1746281587450393,0.20662650132666516,0.8619891060343603
Maui County,vap_asian,uss_18_dem_hir,0.850888589158738,0.04982809370287582,0.7499701495546566,0.9398031780239343
Maui County,vap_asian,uss_18_rep_cur,0.1491114108412619,0.04982809370287582,0.06019682197606561,0.25002985044534337
Maui County,vap_aian,uss_18_dem_hir,0.47527953364441883,0.16752740016767712,0.17040931387687427,0.7966040254275104
Maui County,vap_aian,uss_18_rep_cur,0.5247204663555812,0.16752740016767712,0.2033959745724896,0.8295906861231257
Maui County,vap_oth_b,uss_18_dem_hir,0.8563772727636312,0.05051642110590145,0.7398898542051131,0.937070620260566
Maui County,vap_oth_b,uss_18_rep_cur,0.14362272723636885,0.05051642110590145,0.06292937973943392,0.26011014579488684
Maui County,vap_white,gov_18_dem_ige,0.7267169149589547,0.0423568100109858,0.6460339329178357,0.8079856534758141
Maui County,vap_white,gov_18_rep_tup,0.2732830850410452,0.0423568100109858,0.19201434652418578,0.35396606708216427
Maui County,vap_black,gov_18_dem_ige,0.517757726589602,0.1650525130292235,0.22145860805593798,0.8416132279052595
Maui County,vap_black,gov_18_rep_tup,0.482242273410398,0.16505251302922352,0.1583867720947404,0.7785413919440618
Maui County,vap_hisp,gov_18_dem_ige,0.4405117228504482,0.16062865811479612,0.15480311059689664,0.768100959299863
Maui County,vap_hisp,gov_18_rep_tup,0.5594882771495517,0.16062865811479612,0.23189904070013692,0.8451968894031032
Maui County,vap_asian,gov_18_dem_ige,0.7556952484754182,0.06832300380346698,0.60758486694807,0.8754553111260536
Maui County,vap_asian,gov_18_rep_tup,0.24430475152458173,0.06832300380346698,0.12454468887394639,0.39241513305193
Maui County,vap_aian,gov_18_dem_ige,0.4728147177285671,0.16183367689891007,0.16624345825571718,0.7833637350712476
Maui County,vap_aian,gov_18_rep_tup,0.5271852822714329,0.16183367689891007,0.21663626492875226,0.8337565417442828
Maui County,vap_oth_b,gov_18_dem_ige,0.6378766645348628,0.07539499778570745,0.4996394027147541,0.8012837589667092
Maui County,vap_oth_b,gov_18_rep_tup,0.36212333546513725,0.07539499778570745,0.1987162410332908,0.5003605972852458
Maui County,vap_white,pre_20_dem_bid,0.7203306107364538,0.040966355308845306,0.63706653986958794,0.7953878186326183
Maui County,vap_white,pre_20_rep_tru,0.27966938926354623,0.04096635530884531,0.20461218136738166,0.36293346013041206
Maui County,vap_black,pre_20_dem_bid,0.4950964573415886,0.16555408624794038,0.17636378026519317,0.8032596461732087
Maui County,vap_black,pre_20_rep_tru,0.5049035426584113,0.16555408624794038,0.1967403538267913,0.8236362197348067
Maui County,vap_hisp,pre_20_dem_bid,0.440419347820388,0.19053817375921736,0.13267075947533474,0.826641366754686
Maui County,vap_hisp,pre_20_rep_tru,0.559580652179612,0.19053817375921736,0.17335863324531386,0.8673292405246653
Maui County,vap_asian,pre_20_dem_bid,0.6450900023430042,0.06807747937315228,0.5123494276768461,0.7911958048278096
Maui County,vap_asian,pre_20_rep_tru,0.35490999765699577,0.06807747937315228,0.20880419517219037,0.48765057232315373
Maui County,vap_aian,pre_20_dem_bid,0.5107344610967658,0.16588914524088605,0.18286176610842425,0.8139564359253229
Maui County,vap_aian,pre_20_rep_tru,0.4892655389032342,0.16588914524088605,0.18604356407467715,0.8171382338915758
Maui County,vap_oth_b,pre_20_dem_bid,0.7240507552127492,0.08011337416498888,0.552568868508736,0.8648514486581769
Maui County,vap_oth_b,pre_20_rep_tru,0.27594924478725086,0.08011337416498888,0.13514855134182296,0.44743113149126396
