"county","race","cand","mean","sd","ci_95_lower","ci_95_upper"
"Hawaii County","vap_white","pre_16_dem_cli",0.589126941467523,0.0546627376789525,0.480205867226709,0.701652137407593
"Hawaii County","vap_white","pre_16_rep_tru",0.410873058532477,0.0546627376789525,0.298347862592407,0.519794132773291
"Hawaii County","vap_black","pre_16_dem_cli",0.518769342923774,0.171399732133801,0.192838989426218,0.827884880043226
"Hawaii County","vap_black","pre_16_rep_tru",0.481230657076226,0.171399732133801,0.172115119956774,0.807161010573781
"Hawaii County","vap_hisp","pre_16_dem_cli",0.504734149276009,0.178883859608493,0.16962205765922,0.829910966927983
"Hawaii County","vap_hisp","pre_16_rep_tru",0.495265850723991,0.178883859608493,0.170089033072016,0.83037794234078
"Hawaii County","vap_asian","pre_16_dem_cli",0.79687328091963,0.0698102833898373,0.660721083189007,0.927093437246844
"Hawaii County","vap_asian","pre_16_rep_tru",0.20312671908037,0.0698102833898373,0.0729065627531565,0.339278916810993
"Hawaii County","vap_aian","pre_16_dem_cli",0.504982614820489,0.167469010473716,0.194671877097817,0.818843246730024
"Hawaii County","vap_aian","pre_16_rep_tru",0.495017385179511,0.167469010473716,0.181156753269976,0.805328122902183
"Hawaii County","vap_oth_b","pre_16_dem_cli",0.818608048700578,0.0656308644582208,0.667706339286625,0.920349370035579
"Hawaii County","vap_oth_b","pre_16_rep_tru",0.181391951299422,0.0656308644582208,0.0796506299644211,0.332293660713375
"Hawaii County","vap_white","uss_16_dem_sch",0.689503012852271,0.0439109768235874,0.596732712011828,0.772671075776948
"Hawaii County","vap_white","uss_16_rep_car",0.310496987147729,0.0439109768235874,0.227328924223052,0.403267287988172
"Hawaii County","vap_black","uss_16_dem_sch",0.501752865727735,0.16601609433513,0.201410795309478,0.816813518581361
"Hawaii County","vap_black","uss_16_rep_car",0.498247134272265,0.16601609433513,0.183186481418638,0.798589204690522
"Hawaii County","vap_hisp","uss_16_dem_sch",0.542838628732588,0.166919949185283,0.220024411818582,0.840556992454056
"Hawaii County","vap_hisp","uss_16_rep_car",0.457161371267412,0.166919949185283,0.159443007545944,0.779975588181418
"Hawaii County","vap_asian","uss_16_dem_sch",0.866077479167206,0.0471283278256711,0.756403012647983,0.940047499259242
"Hawaii County","vap_asian","uss_16_rep_car",0.133922520832794,0.0471283278256711,0.0599525007407582,0.243596987352017
"Hawaii County","vap_aian","uss_16_dem_sch",0.50955724253106,0.161071109482992,0.211853406280818,0.823306781479161
"Hawaii County","vap_aian","uss_16_rep_car",0.49044275746894,0.161071109482992,0.176693218520839,0.788146593719182
"Hawaii County","vap_oth_b","uss_16_dem_sch",0.90531944840769,0.033739402980092,0.827707445032696,0.959705820502706
"Hawaii County","vap_oth_b","uss_16_rep_car",0.09468055159231,0.033739402980092,0.0402941794972942,0.172292554967304
"Hawaii County","vap_white","uss_18_dem_hir",0.671386496568507,0.0527026337198602,0.57071292892149,0.777898694311365
"Hawaii County","vap_white","uss_18_rep_cur",0.328613503431493,0.0527026337198602,0.222101305688635,0.42928707107851
"Hawaii County","vap_black","uss_18_dem_hir",0.506125960128319,0.168694957692779,0.178657920621195,0.817312311841959
"Hawaii County","vap_black","uss_18_rep_cur",0.493874039871681,0.168694957692779,0.182687688158041,0.821342079378805
"Hawaii County","vap_hisp","uss_18_dem_hir",0.444827567387813,0.171741467796327,0.120466912219272,0.764356272588352
"Hawaii County","vap_hisp","uss_18_rep_cur",0.555172432612187,0.171741467796327,0.235643727411647,0.879533087780728
"Hawaii County","vap_asian","uss_18_dem_hir",0.832037491975951,0.0625472070479694,0.696766924461914,0.939188828372703
"Hawaii County","vap_asian","uss_18_rep_cur",0.167962508024049,0.0625472070479694,0.0608111716272965,0.303233075538086
"Hawaii County","vap_aian","uss_18_dem_hir",0.506038767779887,0.165145193932388,0.206739776255379,0.830761637895385
"Hawaii County","vap_aian","uss_18_rep_cur",0.493961232220113,0.165145193932388,0.169238362104615,0.793260223744621
"Hawaii County","vap_oth_b","uss_18_dem_hir",0.844296543852826,0.0690948165505282,0.678187343405354,0.941453305209712
"Hawaii County","vap_oth_b","uss_18_rep_cur",0.155703456147174,0.0690948165505282,0.0585466947902886,0.321812656594646
"Hawaii County","vap_white","gov_18_dem_ige",0.657715878584367,0.0619971118225874,0.531229835317651,0.777868780391111
"Hawaii County","vap_white","gov_18_rep_tup",0.342284121415633,0.0619971118225874,0.222131219608889,0.468770164682349
"Hawaii County","vap_black","gov_18_dem_ige",0.494171894645036,0.178956638723989,0.174072213482365,0.847276668560973
"Hawaii County","vap_black","gov_18_rep_tup",0.505828105354964,0.178956638723989,0.152723331439027,0.825927786517635
"Hawaii County","vap_hisp","gov_18_dem_ige",0.473550127109832,0.205112852402178,0.128192851095487,0.86987103043547
"Hawaii County","vap_hisp","gov_18_rep_tup",0.526449872890168,0.205112852402178,0.13012896956453,0.871807148904513
"Hawaii County","vap_asian","gov_18_dem_ige",0.797903663722976,0.078713792866656,0.61666725836525,0.921183175256506
"Hawaii County","vap_asian","gov_18_rep_tup",0.202096336277024,0.078713792866656,0.0788168247434943,0.38333274163475
"Hawaii County","vap_aian","gov_18_dem_ige",0.490718672959255,0.168534973091504,0.166115970768883,0.803556818840021
"Hawaii County","vap_aian","gov_18_rep_tup",0.509281327040745,0.168534973091504,0.196443181159979,0.833884029231117
"Hawaii County","vap_oth_b","gov_18_dem_ige",0.692110068568221,0.101274001899714,0.479205953875875,0.866646219488076
"Hawaii County","vap_oth_b","gov_18_rep_tup",0.307889931431779,0.101274001899714,0.133353780511924,0.520794046124125
"Hawaii County","vap_white","pre_20_dem_bid",0.619741550494196,0.0590383772589751,0.514373575180198,0.745525172137696
"Hawaii County","vap_white","pre_20_rep_tru",0.380258449505804,0.0590383772589751,0.254474827862304,0.485626424819801
"Hawaii County","vap_black","pre_20_dem_bid",0.483738464090119,0.16342948865844,0.168801023408528,0.793993042256735
"Hawaii County","vap_black","pre_20_rep_tru",0.516261535909881,0.16342948865844,0.206006957743265,0.831198976591472
"Hawaii County","vap_hisp","pre_20_dem_bid",0.436951896400136,0.187275299929792,0.121782944091466,0.806816436360247
"Hawaii County","vap_hisp","pre_20_rep_tru",0.563048103599863,0.187275299929792,0.193183563639753,0.878217055908534
"Hawaii County","vap_asian","pre_20_dem_bid",0.782436479018053,0.0833996385224081,0.583706890194095,0.913374701402528
"Hawaii County","vap_asian","pre_20_rep_tru",0.217563520981947,0.0833996385224081,0.0866252985974718,0.416293109805905
"Hawaii County","vap_aian","pre_20_dem_bid",0.477371499817,0.162601919051215,0.157958549064455,0.786436199095117
"Hawaii County","vap_aian","pre_20_rep_tru",0.522628500183,0.162601919051215,0.213563800904883,0.842041450935545
"Hawaii County","vap_oth_b","pre_20_dem_bid",0.771689160102468,0.0858390801913881,0.575081771427303,0.914958994045373
"Hawaii County","vap_oth_b","pre_20_rep_tru",0.228310839897532,0.0858390801913881,0.0850410059546273,0.424918228572697
"Honolulu County","vap_white","pre_16_dem_cli",0.694676973077258,0.0262936205263246,0.643208818128337,0.746784319567633
"Honolulu County","vap_white","pre_16_rep_tru",0.305323026922742,0.0262936205263246,0.253215680432366,0.356791181871663
"Honolulu County","vap_black","pre_16_dem_cli",0.636522611484673,0.138405782810882,0.346593526773376,0.863776879611694
"Honolulu County","vap_black","pre_16_rep_tru",0.363477388515327,0.138405782810882,0.136223120388305,0.653406473226624
"Honolulu County","vap_hisp","pre_16_dem_cli",0.315001803982477,0.078507767634293,0.176835630217318,0.485198162122593
"Honolulu County","vap_hisp","pre_16_rep_tru",0.684998196017523,0.078507767634293,0.514801837877407,0.823164369782682
"Honolulu County","vap_asian","pre_16_dem_cli",0.744932635954453,0.0125577960428385,0.722190009341658,0.771310488537326
"Honolulu County","vap_asian","pre_16_rep_tru",0.255067364045547,0.0125577960428385,0.228689511462674,0.277809990658342
"Honolulu County","vap_aian","pre_16_dem_cli",0.51470443610795,0.161926171111616,0.207863313214585,0.860735944357818
"Honolulu County","vap_aian","pre_16_rep_tru",0.48529556389205,0.161926171111616,0.139264055642182,0.792136686785415
"Honolulu County","vap_oth_b","pre_16_dem_cli",0.591764094115617,0.0269416869040225,0.536201658302223,0.643596788593626
"Honolulu County","vap_oth_b","pre_16_rep_tru",0.408235905884383,0.0269416869040225,0.356403211406374,0.463798341697777
"Honolulu County","vap_white","uss_16_dem_sch",0.681889772838213,0.0258189849938062,0.628669046798822,0.729783776184236
"Honolulu County","vap_white","uss_16_rep_car",0.318110227161787,0.0258189849938062,0.270216223815764,0.371330953201178
"Honolulu County","vap_black","uss_16_dem_sch",0.708864308752758,0.0937251094441082,0.515830464910256,0.872539865256993
"Honolulu County","vap_black","uss_16_rep_car",0.291135691247242,0.0937251094441082,0.127460134743007,0.484169535089744
"Honolulu County","vap_hisp","uss_16_dem_sch",0.508302918723723,0.0962257588623666,0.306071583605357,0.677441154010422
"Honolulu County","vap_hisp","uss_16_rep_car",0.491697081276277,0.0962257588623666,0.322558845989578,0.693928416394643
"Honolulu County","vap_asian","uss_16_dem_sch",0.83429884011674,0.0103387501728657,0.813587271378393,0.854403524895958
"Honolulu County","vap_asian","uss_16_rep_car",0.16570115988326,0.0103387501728657,0.145596475104042,0.186412728621607
"Honolulu County","vap_aian","uss_16_dem_sch",0.473985931331174,0.149324857977413,0.199270400900199,0.751974028056049
"Honolulu County","vap_aian","uss_16_rep_car",0.526014068668826,0.149324857977413,0.248025971943951,0.800729599099801
"Honolulu County","vap_oth_b","uss_16_dem_sch",0.755672109236561,0.0268137010717326,0.706554349900196,0.809295358966236
"Honolulu County","vap_oth_b","uss_16_rep_car",0.244327890763439,0.0268137010717326,0.190704641033764,0.293445650099803
"Honolulu County","vap_white","uss_18_dem_hir",0.672613921112296,0.028421082836475,0.61411393961425,0.72625833153132
"Honolulu County","vap_white","uss_18_rep_cur",0.327386078887704,0.028421082836475,0.27374166846868,0.38588606038575
"Honolulu County","vap_black","uss_18_dem_hir",0.666692707687938,0.109252515767356,0.434403669154634,0.846749754130804
"Honolulu County","vap_black","uss_18_rep_cur",0.333307292312063,0.109252515767356,0.153250245869195,0.565596330845366
"Honolulu County","vap_hisp","uss_18_dem_hir",0.444901227448661,0.0982220999578907,0.263833733355308,0.668398598748403
"Honolulu County","vap_hisp","uss_18_rep_cur",0.555098772551339,0.0982220999578907,0.331601401251597,0.736166266644692
"Honolulu County","vap_asian","uss_18_dem_hir",0.768753670857516,0.0118246080274005,0.745804159543015,0.792229090628003
"Honolulu County","vap_asian","uss_18_rep_cur",0.231246329142484,0.0118246080274005,0.207770909371997,0.254195840456985
"Honolulu County","vap_aian","uss_18_dem_hir",0.480790996504754,0.163574874167501,0.162033687806498,0.779307720316542
"Honolulu County","vap_aian","uss_18_rep_cur",0.519209003495246,0.163574874167501,0.220692279683458,0.837966312193502
"Honolulu County","vap_oth_b","uss_18_dem_hir",0.647226396941103,0.0276899050635079,0.589728139565002,0.698827168822032
"Honolulu County","vap_oth_b","uss_18_rep_cur",0.352773603058897,0.0276899050635079,0.301172831177968,0.410271860434997
"Honolulu County","vap_white","gov_18_dem_ige",0.691679940346119,0.0323722347646427,0.624025291175444,0.750020870207846
"Honolulu County","vap_white","gov_18_rep_tup",0.308320059653881,0.0323722347646427,0.249979129792154,0.375974708824556
"Honolulu County","vap_black","gov_18_dem_ige",0.519161359061702,0.133183685508159,0.276866876798023,0.769444301881892
"Honolulu County","vap_black","gov_18_rep_tup",0.480838640938298,0.133183685508159,0.230555698118108,0.723133123201977
"Honolulu County","vap_hisp","gov_18_dem_ige",0.441597161766614,0.117512429707516,0.231791117728741,0.676525704950876
"Honolulu County","vap_hisp","gov_18_rep_tup",0.558402838233386,0.117512429707516,0.323474295049123,0.768208882271259
"Honolulu County","vap_asian","gov_18_dem_ige",0.795365681061282,0.0133392426861366,0.768178251910055,0.820943054744541
"Honolulu County","vap_asian","gov_18_rep_tup",0.204634318938718,0.0133392426861366,0.179056945255459,0.231821748089945
"Honolulu County","vap_aian","gov_18_dem_ige",0.481971906989464,0.173173056411114,0.196465436684123,0.800065440880733
"Honolulu County","vap_aian","gov_18_rep_tup",0.518028093010536,0.173173056411114,0.199934559119267,0.803534563315877
"Honolulu County","vap_oth_b","gov_18_dem_ige",0.370501410329982,0.0318365557316528,0.310266791013358,0.438203937513055
"Honolulu County","vap_oth_b","gov_18_rep_tup",0.629498589670018,0.0318365557316528,0.561796062486945,0.689733208986642
"Honolulu County","vap_white","pre_20_dem_bid",0.795451598741103,0.0258380624673266,0.735656904556764,0.839648251639689
"Honolulu County","vap_white","pre_20_rep_tru",0.204548401258897,0.0258380624673266,0.160351748360311,0.264343095443236
"Honolulu County","vap_black","pre_20_dem_bid",0.457166462402913,0.138643661775157,0.201028710465501,0.715768044799039
"Honolulu County","vap_black","pre_20_rep_tru",0.542833537597087,0.138643661775157,0.284231955200961,0.798971289534499
"Honolulu County","vap_hisp","pre_20_dem_bid",0.243797766281863,0.0937952207966595,0.102469564732752,0.428698451209055
"Honolulu County","vap_hisp","pre_20_rep_tru",0.756202233718137,0.0937952207966595,0.571301548790945,0.897530435267248
"Honolulu County","vap_asian","pre_20_dem_bid",0.707359154499408,0.0115751714407278,0.68479685645093,0.730299385772893
"Honolulu County","vap_asian","pre_20_rep_tru",0.292640845500592,0.0115751714407278,0.269700614227107,0.31520314354907
"Honolulu County","vap_aian","pre_20_dem_bid",0.467352672944659,0.145982159120913,0.222007500500605,0.749147786839722
"Honolulu County","vap_aian","pre_20_rep_tru",0.532647327055341,0.145982159120913,0.250852213160277,0.777992499499395
"Honolulu County","vap_oth_b","pre_20_dem_bid",0.515046727478599,0.0263245880362888,0.459430453853635,0.565718331456579
"Honolulu County","vap_oth_b","pre_20_rep_tru",0.484953272521401,0.0263245880362888,0.434281668543421,0.540569546146365
"Kauai County","vap_white","pre_16_dem_cli",0.715223384638212,0.073360699610323,0.563488252574066,0.85145035267068
"Kauai County","vap_white","pre_16_rep_tru",0.284776615361788,0.073360699610323,0.14854964732932,0.436511747425934
"Kauai County","vap_black","pre_16_dem_cli",0.49265807863668,0.169341280474682,0.179178064208788,0.811201430383471
"Kauai County","vap_black","pre_16_rep_tru",0.50734192136332,0.169341280474682,0.188798569616529,0.820821935791212
"Kauai County","vap_hisp","pre_16_dem_cli",0.526238307766805,0.168989535643254,0.208223700510795,0.837680960851477
"Kauai County","vap_hisp","pre_16_rep_tru",0.473761692233195,0.168989535643254,0.162319039148523,0.791776299489205
"Kauai County","vap_asian","pre_16_dem_cli",0.781503654808642,0.0792037237663035,0.623671036021311,0.921479171645307
"Kauai County","vap_asian","pre_16_rep_tru",0.218496345191358,0.0792037237663035,0.0785208283546928,0.376328963978689
"Kauai County","vap_aian","pre_16_dem_cli",0.503972846199045,0.173185294732347,0.17792378829828,0.83284562068276
"Kauai County","vap_aian","pre_16_rep_tru",0.496027153800955,0.173185294732347,0.16715437931724,0.82207621170172
"Kauai County","vap_oth_b","pre_16_dem_cli",0.544369029253434,0.104273682688613,0.340549400981231,0.747362607028694
"Kauai County","vap_oth_b","pre_16_rep_tru",0.455630970746566,0.104273682688613,0.252637392971306,0.659450599018769
"Kauai County","vap_white","uss_16_dem_sch",0.787645651144493,0.0541442744208111,0.684059771377863,0.892100745283073
"Kauai County","vap_white","uss_16_rep_car",0.212354348855507,0.0541442744208112,0.107899254716927,0.315940228622137
"Kauai County","vap_black","uss_16_dem_sch",0.485217421322588,0.17775544318826,0.158146788186861,0.817515074512123
"Kauai County","vap_black","uss_16_rep_car",0.514782578677412,0.17775544318826,0.182484925487877,0.841853211813139
"Kauai County","vap_hisp","uss_16_dem_sch",0.552101656768606,0.170982975205642,0.206170312048572,0.857164547980855
"Kauai County","vap_hisp","uss_16_rep_car",0.447898343231394,0.170982975205642,0.142835452019145,0.793829687951428
"Kauai County","vap_asian","uss_16_dem_sch",0.890979477217858,0.0516867159967794,0.774501077617063,0.970589559340502
"Kauai County","vap_asian","uss_16_rep_car",0.109020522782142,0.0516867159967794,0.0294104406594984,0.225498922382937
"Kauai County","vap_aian","uss_16_dem_sch",0.49640217217706,0.177176173192645,0.17527675233891,0.833244062510446
"Kauai County","vap_aian","uss_16_rep_car",0.50359782782294,0.177176173192645,0.166755937489553,0.82472324766109
"Kauai County","vap_oth_b","uss_16_dem_sch",0.765580404704712,0.0730884107924985,0.615829435963814,0.892218355961666
"Kauai County","vap_oth_b","uss_16_rep_car",0.234419595295288,0.0730884107924985,0.107781644038334,0.384170564036186
"Kauai County","vap_white","uss_18_dem_hir",0.761754339597589,0.0605803882305992,0.645184947568836,0.883246549832631
"Kauai County","vap_white","uss_18_rep_cur",0.238245660402411,0.0605803882305992,0.116753450167369,0.354815052431164
"Kauai County","vap_black","uss_18_dem_hir",0.551406097493228,0.206469347083019,0.157290313169102,0.911917144423322
"Kauai County","vap_black","uss_18_rep_cur",0.448593902506772,0.206469347083019,0.0880828555766776,0.842709686830898
"Kauai County","vap_hisp","uss_18_dem_hir",0.525445715259645,0.165034500346868,0.200847525310731,0.83054634793848
"Kauai County","vap_hisp","uss_18_rep_cur",0.474554284740355,0.165034500346868,0.16945365206152,0.799152474689269
"Kauai County","vap_asian","uss_18_dem_hir",0.828913829945612,0.0775131249105824,0.66375741455718,0.960724280518271
"Kauai County","vap_asian","uss_18_rep_cur",0.171086170054388,0.0775131249105824,0.0392757194817292,0.33624258544282
"Kauai County","vap_aian","uss_18_dem_hir",0.509582083823855,0.181014426156327,0.158512506231977,0.847056024102719
"Kauai County","vap_aian","uss_18_rep_cur",0.490417916176144,0.181014426156327,0.152943975897281,0.841487493768023
"Kauai County","vap_oth_b","uss_18_dem_hir",0.699008136483501,0.101332935389832,0.502008765137581,0.884288778180993
"Kauai County","vap_oth_b","uss_18_rep_cur",0.300991863516499,0.101332935389832,0.115711221819007,0.497991234862419
"Kauai County","vap_white","gov_18_dem_ige",0.740336979640981,0.0772807887226312,0.574865243593811,0.879791696438102
"Kauai County","vap_white","gov_18_rep_tup",0.259663020359019,0.0772807887226312,0.120208303561898,0.425134756406189
"Kauai County","vap_black","gov_18_dem_ige",0.493234765968636,0.175063548147011,0.164490985355856,0.827283247247736
"Kauai County","vap_black","gov_18_rep_tup",0.506765234031364,0.175063548147011,0.172716752752264,0.835509014644144
"Kauai County","vap_hisp","gov_18_dem_ige",0.500671977959009,0.170696185631008,0.181763086065633,0.828661624183113
"Kauai County","vap_hisp","gov_18_rep_tup",0.499328022040991,0.170696185631008,0.171338375816886,0.818236913934368
"Kauai County","vap_asian","gov_18_dem_ige",0.789203761495572,0.115917914424744,0.548933575444393,0.956468968980787
"Kauai County","vap_asian","gov_18_rep_tup",0.210796238504428,0.115917914424744,0.0435310310192126,0.451066424555607
"Kauai County","vap_aian","gov_18_dem_ige",0.499030309570547,0.184022214610703,0.147740464588727,0.854773406542102
"Kauai County","vap_aian","gov_18_rep_tup",0.500969690429453,0.184022214610703,0.145226593457898,0.852259535411273
"Kauai County","vap_oth_b","gov_18_dem_ige",0.457730646570485,0.146973756140416,0.204046416254992,0.742764702841235
"Kauai County","vap_oth_b","gov_18_rep_tup",0.542269353429515,0.146973756140416,0.257235297158765,0.795953583745008
"Kauai County","vap_white","pre_20_dem_bid",0.762237971418013,0.0755062773880289,0.596813920859186,0.886096886495444
"Kauai County","vap_white","pre_20_rep_tru",0.237762028581987,0.0755062773880289,0.113903113504556,0.403186079140814
"Kauai County","vap_black","pre_20_dem_bid",0.508137103908249,0.171209018369382,0.181107024399832,0.822535489483144
"Kauai County","vap_black","pre_20_rep_tru",0.491862896091751,0.171209018369382,0.177464510516856,0.818892975600168
"Kauai County","vap_hisp","pre_20_dem_bid",0.48361263666018,0.177804267085806,0.159513383497692,0.820425789588352
"Kauai County","vap_hisp","pre_20_rep_tru",0.51638736333982,0.177804267085806,0.179574210411648,0.840486616502308
"Kauai County","vap_asian","pre_20_dem_bid",0.74812421096553,0.0884434251416182,0.558782336289072,0.909163837440195
"Kauai County","vap_asian","pre_20_rep_tru",0.25187578903447,0.0884434251416182,0.0908361625598047,0.441217663710928
"Kauai County","vap_aian","pre_20_dem_bid",0.509737175756819,0.170039827936787,0.181269387647431,0.821353697288107
"Kauai County","vap_aian","pre_20_rep_tru",0.490262824243181,0.170039827936787,0.178646302711893,0.818730612352569
"Kauai County","vap_oth_b","pre_20_dem_bid",0.40030182916106,0.124655655117168,0.183508376672827,0.657407253718723
"Kauai County","vap_oth_b","pre_20_rep_tru",0.59969817083894,0.124655655117168,0.342592746281277,0.816491623327173
"Maui County","vap_white","pre_16_dem_cli",0.654975940678307,0.0458147243406759,0.562401098149473,0.742756955273112
"Maui County","vap_white","pre_16_rep_tru",0.345024059321693,0.0458147243406759,0.257243044726888,0.437598901850527
"Maui County","vap_black","pre_16_dem_cli",0.482689665214473,0.160560350060951,0.191955883074086,0.7959379603949
"Maui County","vap_black","pre_16_rep_tru",0.517310334785527,0.160560350060951,0.2040620396051,0.808044116925914
"Maui County","vap_hisp","pre_16_dem_cli",0.500003120984559,0.179532999148054,0.180689155014554,0.838658621116738
"Maui County","vap_hisp","pre_16_rep_tru",0.499996879015441,0.179532999148054,0.161341378883262,0.819310844985446
"Maui County","vap_asian","pre_16_dem_cli",0.782125098468896,0.0581869181476157,0.663476944850064,0.890368464896282
"Maui County","vap_asian","pre_16_rep_tru",0.217874901531104,0.0581869181476157,0.109631535103718,0.336523055149936
"Maui County","vap_aian","pre_16_dem_cli",0.527953668449928,0.16850338946275,0.212440607645552,0.837002352732022
"Maui County","vap_aian","pre_16_rep_tru",0.472046331550072,0.16850338946275,0.162997647267978,0.787559392354448
"Maui County","vap_oth_b","pre_16_dem_cli",0.788691758395544,0.072401326698754,0.629505495845093,0.900827700708161
"Maui County","vap_oth_b","pre_16_rep_tru",0.211308241604456,0.072401326698754,0.0991722992918387,0.370494504154907
"Maui County","vap_white","uss_16_dem_sch",0.726798703418778,0.0370734085106984,0.652010557980201,0.793085722222684
"Maui County","vap_white","uss_16_rep_car",0.273201296581222,0.0370734085106984,0.206914277777316,0.347989442019799
"Maui County","vap_black","uss_16_dem_sch",0.499088403310439,0.168457542968543,0.179276991467619,0.815818383214949
"Maui County","vap_black","uss_16_rep_car",0.500911596689561,0.168457542968543,0.184181616785051,0.820723008532381
"Maui County","vap_hisp","uss_16_dem_sch",0.427335229484342,0.172794411338645,0.145289342005687,0.787358812255995
"Maui County","vap_hisp","uss_16_rep_car",0.572664770515658,0.172794411338645,0.212641187744005,0.854710657994313
"Maui County","vap_asian","uss_16_dem_sch",0.868416164113524,0.0402101790052834,0.787148432598092,0.94183294781731
"Maui County","vap_asian","uss_16_rep_car",0.131583835886476,0.0402101790052834,0.0581670521826898,0.212851567401908
"Maui County","vap_aian","uss_16_dem_sch",0.501833525496083,0.163148802406351,0.20074913790532,0.80047991564769
"Maui County","vap_aian","uss_16_rep_car",0.498166474503917,0.163148802406351,0.19952008435231,0.79925086209468
"Maui County","vap_oth_b","uss_16_dem_sch",0.886186206693937,0.0418690499460591,0.7875875499598,0.951771072302116
"Maui County","vap_oth_b","uss_16_rep_car",0.113813793306063,0.0418690499460591,0.048228927697884,0.2124124500402
"Maui County","vap_white","uss_18_dem_hir",0.730508940487843,0.0394955044721545,0.648010343816142,0.798742241254296
"Maui County","vap_white","uss_18_rep_cur",0.269491059512157,0.0394955044721545,0.201257758745704,0.351989656183858
"Maui County","vap_black","uss_18_dem_hir",0.502097880640272,0.160534599411796,0.207979530322755,0.799105839865269
"Maui County","vap_black","uss_18_rep_cur",0.497902119359728,0.160534599411796,0.200894160134731,0.792020469677245
"Maui County","vap_hisp","uss_18_dem_hir",0.410343979139473,0.174628158745039,0.13801089396564,0.793373498673335
"Maui County","vap_hisp","uss_18_rep_cur",0.589656020860527,0.174628158745039,0.206626501326665,0.86198910603436
"Maui County","vap_asian","uss_18_dem_hir",0.850888589158738,0.0498280937028758,0.749970149554657,0.939803178023934
"Maui County","vap_asian","uss_18_rep_cur",0.149111410841262,0.0498280937028758,0.0601968219760656,0.250029850445343
"Maui County","vap_aian","uss_18_dem_hir",0.475279533644419,0.167527400167677,0.170409313876874,0.79660402542751
"Maui County","vap_aian","uss_18_rep_cur",0.524720466355581,0.167527400167677,0.20339597457249,0.829590686123126
"Maui County","vap_oth_b","uss_18_dem_hir",0.856377272763631,0.0505164211059015,0.739889854205113,0.937070620260566
"Maui County","vap_oth_b","uss_18_rep_cur",0.143622727236369,0.0505164211059015,0.0629293797394339,0.260110145794887
"Maui County","vap_white","gov_18_dem_ige",0.726716914958955,0.0423568100109858,0.646033932917836,0.807985653475814
"Maui County","vap_white","gov_18_rep_tup",0.273283085041045,0.0423568100109858,0.192014346524186,0.353966067082164
"Maui County","vap_black","gov_18_dem_ige",0.517757726589602,0.165052513029223,0.221458608055938,0.84161322790526
"Maui County","vap_black","gov_18_rep_tup",0.482242273410398,0.165052513029224,0.15838677209474,0.778541391944062
"Maui County","vap_hisp","gov_18_dem_ige",0.440511722850448,0.160628658114796,0.154803110596897,0.768100959299863
"Maui County","vap_hisp","gov_18_rep_tup",0.559488277149552,0.160628658114796,0.231899040700137,0.845196889403103
"Maui County","vap_asian","gov_18_dem_ige",0.755695248475418,0.068323003803467,0.60758486694807,0.875455311126054
"Maui County","vap_asian","gov_18_rep_tup",0.244304751524582,0.068323003803467,0.124544688873946,0.39241513305193
"Maui County","vap_aian","gov_18_dem_ige",0.472814717728567,0.16183367689891,0.166243458255717,0.783363735071248
"Maui County","vap_aian","gov_18_rep_tup",0.527185282271433,0.16183367689891,0.216636264928752,0.833756541744283
"Maui County","vap_oth_b","gov_18_dem_ige",0.637876664534863,0.0753949977857074,0.499639402714754,0.801283758966709
"Maui County","vap_oth_b","gov_18_rep_tup",0.362123335465137,0.0753949977857074,0.198716241033291,0.500360597285246
"Maui County","vap_white","pre_20_dem_bid",0.720330610736454,0.0409663553088453,0.637066539869588,0.795387818632618
"Maui County","vap_white","pre_20_rep_tru",0.279669389263546,0.0409663553088453,0.204612181367382,0.362933460130412
"Maui County","vap_black","pre_20_dem_bid",0.495096457341589,0.16555408624794,0.176363780265193,0.803259646173209
"Maui County","vap_black","pre_20_rep_tru",0.504903542658411,0.16555408624794,0.196740353826791,0.823636219734807
"Maui County","vap_hisp","pre_20_dem_bid",0.440419347820388,0.190538173759217,0.132670759475335,0.826641366754686
"Maui County","vap_hisp","pre_20_rep_tru",0.559580652179612,0.190538173759217,0.173358633245314,0.867329240524665
"Maui County","vap_asian","pre_20_dem_bid",0.645090002343004,0.0680774793731523,0.512349427676846,0.79119580482781
"Maui County","vap_asian","pre_20_rep_tru",0.354909997656996,0.0680774793731523,0.20880419517219,0.487650572323154
"Maui County","vap_aian","pre_20_dem_bid",0.510734461096766,0.165889145240886,0.182861766108424,0.813956435925323
"Maui County","vap_aian","pre_20_rep_tru",0.489265538903234,0.165889145240886,0.186043564074677,0.817138233891576
"Maui County","vap_oth_b","pre_20_dem_bid",0.724050755212749,0.0801133741649889,0.552568868508736,0.864851448658177
"Maui County","vap_oth_b","pre_20_rep_tru",0.275949244787251,0.0801133741649889,0.135148551341823,0.447431131491264
"Hawaii County","vap_white","pre_24_dem_har",0.629568448868513,0.0668293545990673,0.494155557425144,0.755455762109526
"Hawaii County","vap_white","pre_24_rep_tru",0.370431551131487,0.0668293545990673,0.244544237890474,0.505844442574856
"Hawaii County","vap_hisp","pre_24_dem_har",0.655321095161852,0.15336844167854,0.336538164977813,0.91410469458407
"Hawaii County","vap_hisp","pre_24_rep_tru",0.344678904838148,0.15336844167854,0.08589530541593,0.663461835022187
"Hawaii County","vap_black","pre_24_dem_har",0.565585631106536,0.243158569041388,0.111150632148231,0.966630271171385
"Hawaii County","vap_black","pre_24_rep_tru",0.434414368893464,0.243158569041388,0.033369728828615,0.888849367851769
"Hawaii County","vap_asian","pre_24_dem_har",0.70843010095963,0.119433860159631,0.455739210580504,0.912999429441538
"Hawaii County","vap_asian","pre_24_rep_tru",0.29156989904037,0.119433860159631,0.087000570558462,0.544260789419496
"Hawaii County","vap_oth_b","pre_24_dem_har",0.58314285186154,0.218974283811791,0.151961990962767,0.945630718320511
"Hawaii County","vap_oth_b","pre_24_rep_tru",0.41685714813846,0.218974283811791,0.054369281679489,0.848038009037233
"Honolulu County","vap_white","pre_24_dem_har",0.625975184111253,0.0947418166476464,0.434305169512292,0.802268376102423
"Honolulu County","vap_white","pre_24_rep_tru",0.374024815888747,0.0947418166476464,0.197731623897577,0.565694830487708
"Honolulu County","vap_hisp","pre_24_dem_har",0.38515777429274,0.163593701966104,0.0997575757454512,0.717082320303485
"Honolulu County","vap_hisp","pre_24_rep_tru",0.61484222570726,0.163593701966104,0.282917679696515,0.900242424254549
"Honolulu County","vap_black","pre_24_dem_har",0.499037765709996,0.25741224818595,0.0491800024709631,0.94622399424821
"Honolulu County","vap_black","pre_24_rep_tru",0.500962234290004,0.25741224818595,0.05377600575179,0.950819997529037
"Honolulu County","vap_asian","pre_24_dem_har",0.79434495919975,0.0747806812612379,0.632260204681124,0.922337012435768
"Honolulu County","vap_asian","pre_24_rep_tru",0.20565504080025,0.0747806812612379,0.077662987564232,0.367739795318876
"Honolulu County","vap_oth_b","pre_24_dem_har",0.399195088325605,0.193414461229781,0.0708531150629469,0.785652757687904
"Honolulu County","vap_oth_b","pre_24_rep_tru",0.600804911674395,0.193414461229781,0.214347242312096,0.929146884937053
"Kauai County","vap_white","pre_24_dem_har",0.619776861845804,0.0779649351901792,0.461524005577858,0.765777720906212
"Kauai County","vap_white","pre_24_rep_tru",0.380223138154196,0.0779649351901792,0.234222279093788,0.538475994422142
"Kauai County","vap_hisp","pre_24_dem_har",0.606717462378876,0.136756604904081,0.331508985635471,0.853603963895483
"Kauai County","vap_hisp","pre_24_rep_tru",0.393282537621124,0.136756604904081,0.146396036104517,0.668491014364529
"Kauai County","vap_black","pre_24_dem_har",0.532515528079131,0.246000749258972,0.0759540992128264,0.953157578877302
"Kauai County","vap_black","pre_24_rep_tru",0.467484471920869,0.246000749258972,0.046842421122698,0.924045900787174
"Kauai County","vap_asian","pre_24_dem_har",0.653141241183916,0.116855731946129,0.410701253354579,0.862228860498061
"Kauai County","vap_asian","pre_24_rep_tru",0.346858758816084,0.116855731946129,0.137771139501939,0.589298746645421
"Kauai County","vap_oth_b","pre_24_dem_har",0.5674008194095,0.169906391630698,0.234170465248884,0.876929623581079
"Kauai County","vap_oth_b","pre_24_rep_tru",0.4325991805905,0.169906391630698,0.123070376418921,0.765829534751116
"Maui County","vap_white","pre_24_dem_har",0.6644469451106,0.0583600640419446,0.545342069848497,0.774210195380313
"Maui County","vap_white","pre_24_rep_tru",0.3355530548894,0.0583600640419446,0.225789804619687,0.454657930151503
"Maui County","vap_hisp","pre_24_dem_har",0.547833669956477,0.138163595157724,0.273646098768993,0.805943347717362
"Maui County","vap_hisp","pre_24_rep_tru",0.452166330043523,0.138163595157724,0.194056652282638,0.726353901231007
"Maui County","vap_black","pre_24_dem_har",0.51360792846652,0.24864215705189,0.0632352587758326,0.940019347248426
"Maui County","vap_black","pre_24_rep_tru",0.48639207153348,0.24864215705189,0.059980652751574,0.936764741224167
"Maui County","vap_asian","pre_24_dem_har",0.666852336729188,0.111096589761659,0.435510879420741,0.865532172011365
"Maui County","vap_asian","pre_24_rep_tru",0.333147663270812,0.111096589761659,0.134467827988635,0.564489120579259
"Maui County","vap_oth_b","pre_24_dem_har",0.559377906537175,0.145186991813075,0.270349803223295,0.827706002852443
"Maui County","vap_oth_b","pre_24_rep_tru",0.440622093462825,0.145186991813075,0.172293997147557,0.729650196776705
