county,GEOID,vap_white.pre_24_dem_har,vap_white.pre_24_rep_tru,vap_black.pre_24_dem_har,vap_black.pre_24_rep_tru,vap_hisp.pre_24_dem_har,vap_hisp.pre_24_rep_tru,vap_asian.pre_24_dem_har,vap_asian.pre_24_rep_tru,vap_aian.pre_24_dem_har,vap_aian.pre_24_rep_tru,vap_oth_b.pre_24_dem_har,vap_oth_b.pre_24_rep_tru
001,33001ALTO01,0.3632592160151541,0.6367407839848459,0.5052003782590323,0.4947996217409677,0.5091071489360658,0.4908928510639342,0.4991213149343285,0.5008786850656715,0.49240014598759324,0.5075998540124067,0.4826443177399182,0.5173556822600818
001,33001BARN01,0.38272256558901663,0.6172774344109834,0.5054437175137666,0.4945562824862334,0.5158136690671526,0.4841863309328474,0.500850783407685,0.49914921659231504,0.49575601547423864,0.5042439845257614,0.48499969545669575,0.5150003045433043
001,33001BELM01,0.3759731211345792,0.6240268788654209,0.5119721917094274,0.4880278082905726,0.5131066049925713,0.48689339500742845,0.49304221021943817,0.5069577897805618,0.49391088667943056,0.5060891133205695,0.485660789960277,0.5143392100397229
001,33001CENT01,0.48092322248742014,0.5190767775125799,0.5073153675455043,0.4926846324544956,0.5168973811001337,0.4831026188998663,0.49309244763768784,0.5069075523623122,0.5008784594512091,0.4991215405487908,0.48981811411593307,0.5101818858840669
001,33001GILF01,0.47180521810087117,0.5281947818991288,0.5071231253731853,0.49287687462681473,0.5125468751567652,0.4874531248432348,0.5032791449932658,0.49672085500673424,0.4972287956836168,0.5027712043163832,0.4930150876145919,0.5069849123854079
001,33001GILM01,0.38459871248706506,0.6154012875129352,0.5103092390426981,0.48969076095730185,0.5122073918187152,0.4877926081812848,0.4984684649321028,0.5015315350678972,0.49992185232212766,0.5000781476778723,0.49049653846443186,0.5095034615355681
001,33001LACO01,0.4581188949185763,0.5418811050814236,0.5109639644782413,0.4890360355217586,0.5161392302406691,0.48386076975933096,0.5032355016583739,0.49676449834162606,0.49625470826332924,0.5037452917366708,0.48996526390142553,0.5100347360985745
001,33001LACO02,0.4807257693722124,0.5192742306277877,0.5139067447323868,0.48609325526761316,0.5208333373120133,0.4791666626879867,0.5039400016750396,0.4960599983249604,0.4978072806305463,0.5021927193694538,0.49369070567089,0.50630929432911
001,33001LACO03,0.5560849576869311,0.44391504231306883,0.5107206290440593,0.4892793709559406,0.5179677002329628,0.48203229976703726,0.5112880051179444,0.48871199488205563,0.5003603729440489,0.49963962705595133,0.5023246221677817,0.49767537783221827
001,33001LACO04,0.43115381115333834,0.5688461888466616,0.5108286915159925,0.48917130848400747,0.5184890539837412,0.4815109460162588,0.5045344944262664,0.4954655055737336,0.4965505978059023,0.5034494021940977,0.48967248527937146,0.5103275147206285
001,33001LACO05,0.397380415719424,0.6026195842805759,0.5124457635989067,0.4875542364010933,0.5156882902644945,0.4843117097355055,0.5030472373130531,0.4969527626869468,0.4992179762533446,0.5007820237466554,0.48668771181956744,0.5133122881804325
001,33001LACO06,0.3985740857021265,0.6014259142978735,0.5052856614950175,0.4947143385049824,0.5143506478860017,0.48564935211399834,0.4976649354428982,0.5023350645571019,0.5041143549021433,0.49588564509785665,0.4829316756914749,0.5170683243085251
001,33001MERE01,0.48680856110238674,0.5131914388976133,0.5059231824340679,0.4940768175659322,0.5123763674419596,0.4876236325580404,0.49464469551727214,0.5053553044827279,0.4933967687534946,0.5066032312465054,0.4985396903754931,0.5014603096245068
001,33001NEWH01,0.45166318662142124,0.5483368133785788,0.5094943658082419,0.4905056341917581,0.5162209897243544,0.48377901027564557,0.5001519505605336,0.4998480494394664,0.4929101282513175,0.5070898717486825,0.4906995956063117,0.5093004043936883
001,33001SANB01,0.412899706337399,0.5871002936626011,0.5062691127632144,0.4937308872367856,0.5111482615757343,0.4888517384242657,0.5033804768712323,0.49661952312876767,0.5019544614945716,0.49804553850542843,0.49045272509384225,0.5095472749061577
001,33001TILT01,0.4394765918680329,0.5605234081319671,0.5037097916672676,0.4962902083327324,0.5097617558565634,0.4902382441434366,0.5044855511284163,0.49551444887158375,0.4986973624793127,0.5013026375206873,0.4902514849852506,0.5097485150147494
003,33003ALBA01,0.5704921542537622,0.4295078457462378,0.49163221615633795,0.5083677838436621,0.5105507225633902,0.4894492774366098,0.5041728184792126,0.4958271815207874,0.4844742197051385,0.5155257802948615,0.4744068860532936,0.5255931139467064
003,33003BART01,0.6296397347189666,0.3703602652810334,0.4984614943897039,0.5015385056102961,0.5054509329363287,0.4945490670636713,0.49841439394432774,0.5015856060556723,0.484696404436483,0.515303595563517,0.4747799594872951,0.5252200405127049
003,33003BROO01,0.41094323912197545,0.5890567608780245,0.49291073341396047,0.5070892665860396,0.5014321966849291,0.4985678033150709,0.5048224912321195,0.49517750876788047,0.4869536053591837,0.5130463946408164,0.47151907073111976,0.5284809292688802
003,33003CHAT01,0.4877332281527246,0.5122667718472754,0.4857948355526291,0.5142051644473709,0.5048208324078325,0.4951791675921675,0.49361524977231236,0.5063847502276877,0.48899265480857096,0.511007345191429,0.4743899945241943,0.5256100054758057
003,33003CONW01,0.5770079878043741,0.4229920121956258,0.4926290283912666,0.5073709716087333,0.5119718199877926,0.4880281800122074,0.506760045461632,0.49323995453836783,0.48334638068423064,0.5166536193157694,0.4780067725129496,0.5219932274870505
003,33003EATO01,0.6060095187380564,0.3939904812619438,0.49230962676019197,0.507690373239808,0.5077630242658149,0.49223697573418507,0.5012504474312837,0.49874955256871634,0.4822829937172136,0.5177170062827864,0.48148402931309864,0.5185159706869014
003,33003EFFI01,0.36674842301590616,0.6332515769840938,0.49216897347023736,0.5078310265297626,0.5053342744842839,0.494665725515716,0.49300138516231323,0.5069986148376867,0.4871909348861588,0.5128090651138412,0.4671688442489836,0.5328311557510165
003,33003FREE01,0.44955710440237345,0.5504428955976266,0.4936782189307767,0.5063217810692233,0.5042998847951453,0.4957001152048547,0.49274696783641736,0.5072530321635826,0.48521897817053133,0.5147810218294686,0.4701783901333791,0.529821609866621
003,33003HALE01,0.410174564878572,0.5898254351214279,0.49139089727719176,0.5086091027228082,0.508441027814422,0.49155897218557804,0.49841259805254107,0.501587401947459,0.4846757242197796,0.5153242757802206,0.4665452427590863,0.5334547572409137
003,33003HART01,0.4631345520811696,0.5368654479188304,0.49284443157687163,0.5071555684231284,0.5028706634002769,0.49712933659972314,0.5008919277209763,0.49910807227902365,0.48949996218441133,0.5105000378155886,0.46860064358024534,0.5313993564197547
003,33003JACK01,0.715524412387918,0.284475587612082,0.493463082118387,0.506536917881613,0.5114079213999408,0.4885920786000592,0.5036217312323519,0.4963782687676481,0.4860271412590502,0.5139728587409498,0.4769043173088565,0.5230956826911435
003,33003MADI01,0.534406911151977,0.465593088848023,0.49605040440386117,0.5039495955961388,0.5008034488279935,0.4991965511720065,0.4984043470759686,0.5015956529240314,0.48700665301734003,0.51299334698266,0.47455771521225565,0.5254422847877444
003,33003MOUL01,0.4332281437988163,0.5667718562011838,0.49646362059446214,0.5035363794055379,0.5082118771569839,0.49178812284301604,0.5038340668737014,0.4961659331262986,0.49143987447412035,0.5085601255258796,0.4863213956516851,0.5136786043483149
003,33003OSSI01,0.3663205325558747,0.6336794674441253,0.4889683765333777,0.5110316234666223,0.5031546221172569,0.49684537788274313,0.5016226369349897,0.4983773630650104,0.48845237331016017,0.5115476266898399,0.4573373895322317,0.5426626104677683
003,33003SAND01,0.64390519018168,0.35609480981832003,0.48865829248265996,0.5113417075173401,0.5061168585152672,0.4938831414847328,0.49774921447940457,0.5022507855205954,0.4877041208726174,0.5122958791273826,0.4776096444548889,0.5223903555451112
003,33003TAMW01,0.4986968043175814,0.5013031956824187,0.4960848318263457,0.5039151681736542,0.5088293340760504,0.49117066592394965,0.4966037134059046,0.5033962865940954,0.48388464210900584,0.5161153578909942,0.4741724436648804,0.5258275563351196
003,33003TUFT01,0.45613945205214984,0.5438605479478502,0.49185577020326016,0.5081442297967399,0.5048849248085073,0.49511507519149267,0.5012197036525218,0.498780296347478,0.4852571203011931,0.5147428796988069,0.4769399726577592,0.5230600273422408
003,33003WAKE01,0.35304627598456834,0.6469537240154317,0.487092887152245,0.5129071128477549,0.5000813192203755,0.49991868077962454,0.49989942443810853,0.5001005755618915,0.4866771265218653,0.5133228734781347,0.4761094085025103,0.5238905914974896
003,33003WOLF01,0.5013657624758152,0.4986342375241848,0.4924036212443207,0.5075963787556793,0.5024735561540965,0.4975264438459035,0.4967030529168881,0.5032969470831119,0.487228988341288,0.512771011658712,0.464998633190115,0.535001366809885
005,33005ALST01,0.5646145508792926,0.4353854491207074,0.5116946612089276,0.48830533879107246,0.49994831796156275,0.5000516820384372,0.4956650602951187,0.5043349397048813,0.529888675842545,0.47011132415745505,0.46853822540555234,0.5314617745944477
005,33005CHES01,0.5733519218622564,0.42664807813774364,0.5137765020871679,0.48622349791283215,0.4990040905583737,0.5009959094416263,0.4895206239953482,0.5104793760046519,0.5171589917503324,0.48284100824966764,0.474812846963483,0.525187153036517
005,33005DUBL01,0.6280007611051583,0.3719992388948416,0.5107707932921154,0.48922920670788456,0.4993237160158785,0.5006762839841215,0.4907875759052754,0.5092124240947246,0.5226033158903765,0.47739668410962355,0.47202109285202043,0.5279789071479796
005,33005FITZ01,0.44136450631814383,0.5586354936818562,0.513241061909678,0.486758938090322,0.49847720956898633,0.5015227904310137,0.48934199141252616,0.5106580085874738,0.5223268733808594,0.4776731266191407,0.45647441546898854,0.5435255845310114
005,33005GILS01,0.4770191471754643,0.5229808528245358,0.5088744317741337,0.4911255682258663,0.49549722164200705,0.504502778357993,0.49090041097314174,0.509099589026858,0.5226024685185678,0.47739753148143216,0.46710646586434384,0.532893534135656
005,33005HARR01,0.7074104800073581,0.29258951999264216,0.5115398457183982,0.48846015428160183,0.5047604871335841,0.4952395128664158,0.49541416506932245,0.5045858349306775,0.5159941724902066,0.4840058275097934,0.48117346028187763,0.5188265397181224
005,33005HINS01,0.5148004953957376,0.4851995046042624,0.514468397809404,0.485531602190596,0.5008889445636959,0.4991110554363041,0.48934557664154943,0.5106544233584506,0.5328528288234937,0.46714717117650634,0.4490301331959958,0.5509698668040043
005,33005JAFF01,0.4860522758034475,0.5139477241965524,0.5147168242512817,0.4852831757487183,0.49519252924590607,0.5048074707540939,0.49159784571263226,0.5084021542873678,0.5237772264758186,0.47622277352418146,0.47188751584127286,0.5281124841587271
005,33005KEEN01,0.6732954287954463,0.32670457120455365,0.5165173928093546,0.48348260719064545,0.5078974965585854,0.4921025034414146,0.49707079374813834,0.5029292062518617,0.520351957709775,0.47964804229022523,0.4718369569853665,0.5281630430146335
005,33005KEEN02,0.7069883196878767,0.2930116803121234,0.5203773964227293,0.47962260357727066,0.5044834240575335,0.49551657594246645,0.49703722150159385,0.5029627784984062,0.5319160993635152,0.46808390063648475,0.47783999321087645,0.5221600067891236
005,33005KEEN03,0.6900718364296707,0.3099281635703292,0.5201223853702569,0.47987761462974315,0.5073792563645746,0.4926207436354254,0.4968540211904329,0.503145978809567,0.5250126412402152,0.47498735875978476,0.47801924565998166,0.5219807543400183
005,33005KEEN04,0.6756818635043704,0.32431813649562957,0.5075128855333809,0.49248711446661914,0.5019230291329687,0.4980769708670313,0.48969264230425413,0.5103073576957456,0.524586333927185,0.475413666072815,0.47747729794770155,0.5225227020522984
005,33005KEEN05,0.6967956299060516,0.3032043700939484,0.511705481514007,0.488294518485993,0.5078871068083998,0.49211289319160023,0.4987091945999161,0.501290805400084,0.5217707916142816,0.47822920838571836,0.4651020181895783,0.5348979818104217
005,33005MRLB01,0.6250674932152419,0.37493250678475815,0.5056926253545656,0.49430737464543445,0.5068638972313814,0.49313610276861863,0.489386210989148,0.510613789010852,0.5284645353203804,0.47153546467961965,0.4741633063570982,0.5258366936429019
005,33005MRLW01,0.52772269286304,0.47227730713696003,0.5063339323547154,0.49366606764528465,0.4990131558541822,0.5009868441458178,0.49208171095100556,0.5079182890489945,0.5180239740125412,0.4819760259874588,0.4646011885710644,0.5353988114289356
005,33005NELS01,0.592082009369422,0.407917990630578,0.5152310468203987,0.48476895317960134,0.5013044418977436,0.49869555810225646,0.4916219135630743,0.5083780864369257,0.5276046471514583,0.4723953528485417,0.46979010422076356,0.5302098957792365
005,33005RICH01,0.38061503138923886,0.6193849686107612,0.5065044009175037,0.49349559908249624,0.4966795012664814,0.5033204987335186,0.48959656392646295,0.5104034360735371,0.5270644269173483,0.47293557308265166,0.46693691815917293,0.5330630818408271
005,33005RIND01,0.35755517423139355,0.6424448257686063,0.5052524872588174,0.4947475127411825,0.48881947965871997,0.51118052034128,0.4923249579867379,0.5076750420132621,0.5238579404858065,0.4761420595141935,0.4537134960003196,0.5462865039996804
005,33005ROXB01,0.6134821410395754,0.38651785896042457,0.5074066092519246,0.4925933907480754,0.5101198330978979,0.48988016690210207,0.49590682349848136,0.5040931765015186,0.5247431471282977,0.4752568528717023,0.47224047066700287,0.5277595293329972
005,33005STOD01,0.46593670921641445,0.5340632907835856,0.5129453099432089,0.48705469005679114,0.49760553571279276,0.5023944642872072,0.4911405289654129,0.5088594710345872,0.5272825650600624,0.47271743493993734,0.46585454995681574,0.5341454500431843
005,33005SULL01,0.47361363533271966,0.5263863646672803,0.509541499723959,0.490458500276041,0.4975639046673491,0.5024360953326509,0.495053412028747,0.504946587971253,0.5212396271236583,0.47876037287634166,0.4599742104233146,0.5400257895766851
005,33005SURR01,0.517488789628986,0.4825112103710139,0.5073833241642648,0.4926166758357352,0.5062725730611657,0.4937274269388343,0.4920924263006742,0.5079075736993258,0.5294110625878866,0.4705889374121134,0.4735567306669272,0.5264432693330727
005,33005SWAN01,0.4952568135222254,0.5047431864777746,0.5098959872302471,0.4901040127697529,0.5016388037021798,0.4983611962978201,0.4937320023534431,0.5062679976465569,0.5302190222650941,0.4697809777349059,0.457375917341471,0.542624082658529
005,33005TROY01,0.4066591314866954,0.5933408685133046,0.5121237814067989,0.48787621859320107,0.4982377021337838,0.5017622978662162,0.4918248320203869,0.508175167979613,0.5278852814194972,0.47211471858050286,0.461159167931562,0.538840832068438
005,33005WALP01,0.6192725916892374,0.38072740831076257,0.5108639003305245,0.4891360996694754,0.5051804289434989,0.49481957105650115,0.49778490403000103,0.5022150959699989,0.5224888536404493,0.4775111463595508,0.4788521936411595,0.5211478063588405
005,33005WEST01,0.5547020435441006,0.4452979564558995,0.5087498491922211,0.49125015080777895,0.5006634170886778,0.49933658291132216,0.4975936095719828,0.5024063904280172,0.5216974979663092,0.4783025020336908,0.47019693242174304,0.529803067578257
005,33005WINC01,0.44040862391388086,0.5595913760861192,0.5130864015517234,0.48691359844827664,0.4991370298770914,0.5008629701229086,0.48909677192361334,0.5109032280763867,0.5239440571477039,0.47605594285229613,0.4632126353626808,0.5367873646373192
007,33007BERL01,0.47830740438029007,0.5216925956197099,0.5431722251319158,0.4568277748680843,0.49353076659301,0.50646923340699,0.49664071886805083,0.5033592811319492,0.44725775208434565,0.5527422479156543,0.5083755929946924,0.4916244070053076
007,33007BERL02,0.4695023641353801,0.5304976358646198,0.5534626162874475,0.4465373837125524,0.5088911334490863,0.4911088665509136,0.4923371833059984,0.5076628166940016,0.44526422420805734,0.5547357757919427,0.5189296525243674,0.48107034747563254
007,33007BERL03,0.4777440364224246,0.5222559635775754,0.5490315791411958,0.45096842085880423,0.5078956048689228,0.49210439513107695,0.5020021485700261,0.4979978514299739,0.4420231866177813,0.5579768133822187,0.5142802380168616,0.48571976198313843
007,33007CAMB01,0.3989537400889547,0.6010462599110453,0.5355331100675232,0.4644668899324767,0.502805336604209,0.49719466339579105,0.4988627839534928,0.5011372160465072,0.45071617235124756,0.5492838276487525,0.5104052679090147,0.48959473209098525
007,33007CARR01,0.476495658388011,0.523504341611989,0.5347680854051541,0.4652319145948459,0.4970330388432728,0.5029669611567272,0.5008917021952951,0.49910829780470484,0.4424907239588964,0.5575092760411037,0.5127937274884035,0.4872062725115963
007,33007CLAR01,0.321444329359672,0.6785556706403283,0.5354214773509364,0.46457852264906363,0.49962434662997657,0.5003756533700234,0.4946831696955036,0.5053168303044965,0.4401476492045668,0.5598523507954332,0.5087220510521702,0.49127794894782983
007,33007COLE01,0.34542073893009434,0.6545792610699056,0.5399464710562935,0.46005352894370655,0.5019728724135543,0.4980271275864458,0.4911804062769272,0.5088195937230728,0.4433723906825102,0.5566276093174898,0.5144639366861719,0.4855360633138282
007,33007COLU01,0.30442936397025433,0.6955706360297457,0.5317329914900951,0.4682670085099049,0.4960112242697503,0.5039887757302497,0.49689419662998613,0.5031058033700139,0.43451951188627397,0.5654804881137261,0.5021207772782127,0.4978792227217871
007,33007DALT01,0.42689973261545155,0.5731002673845484,0.5344857865521749,0.4655142134478251,0.49842526021793365,0.5015747397820663,0.4879294014279184,0.5120705985720816,0.44697501211451507,0.5530249878854852,0.5055154306359095,0.49448456936409046
007,33007DIXV01,0.4054806710863749,0.5945193289136251,0.5340981367035873,0.4659018632964127,0.5004188427702742,0.49958115722972585,0.4953477387151198,0.5046522612848802,0.4428390054049721,0.5571609945950279,0.5026523960861791,0.497347603913821
007,33007DUMM01,0.30134116291714086,0.6986588370828591,0.5426536625476185,0.4573463374523815,0.49817108664410165,0.5018289133558983,0.4994888847924784,0.5005111152075217,0.44839598097124145,0.5516040190287586,0.5062623885213103,0.4937376114786897
007,33007ERRO01,0.3268097292126103,0.6731902707873897,0.5561701321042847,0.4438298678957153,0.4981628911928358,0.5018371088071641,0.48932914519448034,0.5106708548055194,0.43945160797307664,0.5605483920269234,0.5067641198159891,0.4932358801840109
007,33007GORH01,0.5277446047749526,0.47225539522504745,0.5427206672474673,0.45727933275253274,0.5006665711510359,0.49933342884896414,0.49722060309731236,0.5027793969026876,0.44882587189635376,0.5511741281036462,0.5154478220977906,0.48455217790220945
007,33007JEFF01,0.3684814254456633,0.6315185745543367,0.5365255657557398,0.4634744342442601,0.5042405731031544,0.49575942689684555,0.4930665163563991,0.5069334836436009,0.44383488137770727,0.5561651186222928,0.5116204509492113,0.4883795490507888
007,33007LANC01,0.4465044498567238,0.5534955501432762,0.5367669119821017,0.46323308801789836,0.4966673937165411,0.5033326062834589,0.49919323728566956,0.5008067627143304,0.44271903709802657,0.5572809629019734,0.5078771298698006,0.4921228701301994
007,33007MART01,0.32071517228785357,0.6792848277121464,0.5392828017025093,0.4607171982974907,0.4896828763799799,0.51031712362002,0.4940899088816406,0.5059100911183594,0.4410887025122731,0.5589112974877268,0.5111353226570371,0.4888646773429629
007,33007MILA01,0.3970487579903618,0.6029512420096381,0.5380306626027612,0.4619693373972388,0.500004808322259,0.499995191677741,0.4875839858170529,0.512416014182947,0.44013885911794964,0.5598611408820504,0.5132223785061949,0.4867776214938051
007,33007MILL01,0.2916287157480008,0.7083712842519989,0.5400272670849309,0.4599727329150691,0.48544972914926365,0.5145502708507363,0.49620498624541237,0.5037950137545876,0.4354868562180163,0.5645131437819837,0.5116470111169765,0.4883529888830234
007,33007NORU01,0.35420559400677326,0.6457944059932268,0.535750452622282,0.46424954737771795,0.49405041408224454,0.5059495859177555,0.4956433798712351,0.5043566201287649,0.44355371743074967,0.5564462825692503,0.5070482495455573,0.4929517504544427
007,33007PITB01,0.2561829246273383,0.7438170753726617,0.5387935665455883,0.4612064334544117,0.501229642010661,0.4987703579893387,0.4943201228036289,0.5056798771963711,0.4463698747267387,0.5536301252732613,0.5091357880716886,0.4908642119283114
007,33007RAND01,0.683239183115,0.31676081688499996,0.534877298872364,0.46512270112763604,0.5060610651004529,0.49393893489954704,0.4968527969287051,0.5031472030712949,0.4405369144048059,0.5594630855951941,0.5130555860169564,0.4869444139830434
007,33007SHEL01,0.44934443247268946,0.5506555675273105,0.5385367364057929,0.4614632635942071,0.4954156214371721,0.5045843785628279,0.4960163396701518,0.5039836603298482,0.44764061688010853,0.5523593831198914,0.510885696348314,0.4891143036516859
007,33007STAR01,0.35488675362136285,0.6451132463786371,0.5349934024443582,0.4650065975556418,0.4925047657623628,0.5074952342376372,0.4950107088846472,0.5049892911153527,0.4223613381170321,0.577638661882968,0.5115485803938464,0.48845141960615357
007,33007STEW01,0.2237727377987823,0.7762272622012177,0.5356778746378116,0.46432212536218836,0.4970706623165001,0.5029293376834999,0.49086165119785824,0.5091383488021418,0.44625340932086854,0.5537465906791315,0.505609762162192,0.494390237837808
007,33007STRT01,0.41331426111233693,0.5866857388876631,0.534410695624803,0.465589304375197,0.49684230800386975,0.5031576919961303,0.4950721054921954,0.5049278945078046,0.43353318463179175,0.5664668153682083,0.5133063799862712,0.48669362001372884
007,33007SUCC01,0.5338475616695645,0.4661524383304355,0.5385386427393988,0.4614613572606013,0.4973189586654417,0.5026810413345583,0.4939138019759054,0.5060861980240946,0.4387027259194906,0.5612972740805094,0.5106466045141138,0.4893533954858862
007,33007WENL01,0.2966662762388829,0.7033337237611171,0.5392689693956862,0.46073103060431375,0.49954826752582027,0.5004517324741797,0.4929736791825359,0.5070263208174641,0.4403460467048215,0.5596539532951785,0.5108771869858643,0.4891228130141357
007,33007WHIT01,0.4717188660735603,0.5282811339264397,0.5378084324152533,0.46219156758474667,0.5021981059049864,0.4978018940950137,0.49618437518773784,0.5038156248122622,0.4415110684086595,0.5584889315913405,0.5144622551962332,0.4855377448037667
009,33009ALEX01,0.3827232884214844,0.6172767115785156,0.5128043582113899,0.48719564178861013,0.5530973028006124,0.4469026971993876,0.6688668917885892,0.33113310821141084,0.5131843857933721,0.48681561420662794,0.5330194873081596,0.4669805126918404
009,33009ASHL01,0.5009837514783098,0.49901624852169024,0.5119219314448838,0.4880780685551162,0.5609402205265417,0.43905977947345837,0.6663929848139648,0.33360701518603525,0.5185123231152645,0.4814876768847355,0.5391121910858583,0.46088780891414166
009,33009BATH01,0.36355781446763474,0.6364421855323652,0.5062643530744573,0.4937356469255427,0.5598757020730792,0.44012429792692076,0.6652616336393613,0.33473836636063875,0.5204481457668193,0.4795518542331807,0.5255535368765168,0.4744464631234832
009,33009BENT01,0.3260727195722118,0.6739272804277882,0.5125816504565246,0.48741834954347546,0.5626108572539711,0.43738914274602897,0.6684635031356642,0.3315364968643358,0.5154336025405173,0.4845663974594827,0.5241739775577692,0.4758260224422308
009,33009BETH01,0.6231883005941047,0.3768116994058954,0.5108778482410732,0.4891221517589268,0.5606930030620818,0.43930699693791814,0.6606819853057515,0.33931801469424844,0.5189700237617753,0.48102997623822474,0.5421343792455955,0.45786562075440457
009,33009BRID01,0.4549741648119798,0.5450258351880204,0.5141781975662438,0.4858218024337561,0.5551486952173971,0.44485130478260293,0.662802807011379,0.337197192988621,0.5214448072296347,0.4785551927703653,0.5376275739824073,0.46237242601759265
009,33009BRIS01,0.4705685689250106,0.5294314310749894,0.508485272563223,0.491514727436777,0.5597693593802046,0.44023064061979544,0.6762155517074917,0.32378444829250824,0.516526281403318,0.483473718596682,0.5330016838678385,0.4669983161321615
009,33009CAMP01,0.5100381765531746,0.48996182344682543,0.5082295162456061,0.4917704837543939,0.5541283615513442,0.44587163844865585,0.6648950595462518,0.3351049404537482,0.5190549409144541,0.48094505908554586,0.5343048154086334,0.46569518459136644
009,33009CANA01,0.5499938538226471,0.45000614617735296,0.5090887368082172,0.4909112631917828,0.5602731937957958,0.43972680620420423,0.6649964194703407,0.3350035805296593,0.5141597162061062,0.485840283793894,0.5359568081992203,0.46404319180077963
009,33009DORC01,0.41085791568955576,0.5891420843104442,0.5092055874729471,0.4907944125270529,0.5656221756649195,0.4343778243350805,0.6682574696995732,0.3317425303004268,0.5114945469297904,0.48850545307020965,0.5322808353581727,0.4677191646418272
009,33009EASN01,0.6928934480347615,0.30710655196523845,0.5064946346721061,0.4935053653278939,0.5638438049369807,0.43615619506301934,0.6681207857441176,0.33187921425588246,0.5178616001531194,0.48213839984688056,0.5462433810857914,0.45375661891420865
009,33009ELLS01,0.5051114235732552,0.4948885764267448,0.5092938444986619,0.4907061555013381,0.5624262892244488,0.43757371077555124,0.6671810413570021,0.3328189586429977,0.5171975692916554,0.4828024307083446,0.5337876159952523,0.4662123840047478
009,33009ENFI01,0.6268565398324474,0.3731434601675526,0.5126642812377304,0.4873357187622696,0.5632364602960293,0.4367635397039707,0.6700017565692472,0.3299982434307528,0.5160793625528447,0.4839206374471553,0.5417665642038527,0.4582334357961473
009,33009FRCA01,0.6743086669576311,0.32569133304236886,0.510201225003952,0.4897987749960479,0.5591563037619192,0.44084369623808084,0.6663299786165835,0.3336700213834165,0.5132668269703421,0.48673317302965785,0.539235079684255,0.460764920315745
009,33009GRAF01,0.40493943101097324,0.5950605689890268,0.5130798703941257,0.4869201296058743,0.5549743938410797,0.4450256061589203,0.6628384437497827,0.33716155625021726,0.5212130594596618,0.4787869405403382,0.527308827688825,0.47269117231117497
009,33009GROT01,0.339187893188065,0.660812106811935,0.5128699710023059,0.4871300289976941,0.558678687547683,0.4413213124523169,0.6603586898382321,0.33964131016176796,0.5113071438916175,0.4886928561083825,0.5336616458491298,0.46633835415087016
009,33009HANO01,0.9064370162729644,0.09356298372703559,0.5427736781962638,0.4572263218037363,0.6274693198958388,0.3725306801041612,0.7615888256631241,0.2384111743368758,0.5210378596372786,0.4789621403627214,0.5942170732834224,0.4057829267165776
009,33009HAVE01,0.3815867064469014,0.6184132935530984,0.5090766833395534,0.4909233166604466,0.563255834214921,0.43674416578507896,0.6707100645803028,0.3292899354196972,0.5174236323094115,0.4825763676905886,0.5323186912571575,0.4676813087428426
009,33009HEBR01,0.4985570401905048,0.5014429598094953,0.5117950067409909,0.4882049932590091,0.5625423222027179,0.43745767779728206,0.6702123866200639,0.3297876133799361,0.5201980615944721,0.4798019384055278,0.5383417679947172,0.4616582320052827
009,33009HOLD01,0.5972698010113452,0.4027301989886548,0.5053269431431124,0.4946730568568876,0.5591113939345309,0.4408886060654691,0.669364031538744,0.3306359684612559,0.5171367326471281,0.48286326735287183,0.541359210025572,0.458640789974428
009,33009LAND01,0.4221374921218191,0.5778625078781808,0.5096930334159154,0.49030696658408457,0.5558214008422855,0.44417859915771446,0.662307345009774,0.33769265499022605,0.5152096234769783,0.48479037652302165,0.5303198956667412,0.4696801043332588
009,33009LEBA01,0.7895705129844907,0.2104294870155093,0.5196162771121661,0.48038372288783393,0.5735621865721862,0.4264378134278138,0.7253086488182876,0.2746913511817124,0.5154316083277338,0.48456839167226623,0.5596648073773022,0.4403351926226978
009,33009LEBA02,0.779005790189648,0.22099420981035195,0.5137844506289752,0.48621554937102485,0.5748318952383737,0.42516810476162625,0.6881877745704732,0.3118122254295268,0.5233937281985894,0.4766062718014106,0.5570703843309419,0.4429296156690581
009,33009LEBA03,0.7817606301255411,0.21823936987445894,0.5195560227644243,0.48044397723557575,0.5676372492447761,0.4323627507552239,0.7024313799860152,0.29756862001398476,0.5209033795000988,0.47909662049990126,0.5628937858248476,0.43710621417515244
009,33009LINC01,0.542806551839792,0.45719344816020807,0.5083087634394241,0.49169123656057595,0.5604895378079232,0.4395104621920768,0.6657228940816486,0.33427710591835136,0.5163775808834437,0.48362241911655635,0.5400655491666589,0.45993445083334106
009,33009LISB01,0.42845772315950786,0.5715422768404921,0.5086433957930199,0.49135660420698013,0.561629492573965,0.438370507426035,0.6600543017624629,0.339945698237537,0.5160378660452553,0.4839621339547448,0.5355975106630746,0.4644024893369254
009,33009LITT01,0.4773423148654423,0.5226576851345577,0.5077924613290882,0.4922075386709119,0.5546105750707175,0.44538942492928246,0.6670523278007668,0.3329476721992331,0.5183412636235478,0.48165873637645223,0.5334697478968733,0.46653025210312665
009,33009LYMA01,0.43310255556278393,0.566897444437216,0.5071448869849212,0.4928551130150788,0.5607776081464276,0.43922239185357237,0.6666791791177421,0.3333208208822579,0.5208712420786777,0.4791287579213222,0.5339729150874466,0.4660270849125534
009,33009LYME01,0.8807273830323978,0.11927261696760215,0.5120154352038392,0.48798456479616076,0.5730878008577533,0.4269121991422467,0.6834526733723069,0.31654732662769314,0.5251397797798446,0.47486022022015534,0.560614983199833,0.439385016800167
009,33009MONR01,0.39883177038518736,0.6011682296148126,0.513305334038331,0.486694665961669,0.5636268328814037,0.43637316711859636,0.6659587750744669,0.3340412249255332,0.5221851975884997,0.47781480241150015,0.5346517833388325,0.4653482166611675
009,33009ORAN01,0.47325717543942275,0.5267428245605772,0.5093117992829646,0.49068820071703545,0.5594842715938596,0.44051572840614045,0.662283258814536,0.3377167411854641,0.5170319630400827,0.48296803695991725,0.5369315263904796,0.4630684736095204
009,33009ORFO01,0.6238489553929889,0.37615104460701115,0.5116298313418862,0.48837016865811356,0.5686214788667909,0.431378521133209,0.6626472222139589,0.33735277778604117,0.5209228551767573,0.47907714482324254,0.5409439747370373,0.45905602526296274
009,33009PIER01,0.5124317290784624,0.4875682709215376,0.5115908371043971,0.48840916289560293,0.5576903624075145,0.4423096375924856,0.6651643665303398,0.3348356334696601,0.5147065462451285,0.48529345375487154,0.5374861679173852,0.4625138320826148
009,33009PLYM01,0.6038819303930293,0.3961180696069707,0.5060900873154578,0.4939099126845422,0.5555368364140959,0.44446316358590415,0.6672108718088207,0.3327891281911793,0.5202795736854988,0.4797204263145012,0.5360476010740303,0.4639523989259698
009,33009RUMN01,0.43257176124110025,0.5674282387588997,0.5115406618180635,0.4884593381819365,0.5708034372687738,0.4291965627312262,0.6735422002446703,0.3264577997553298,0.5145304452243039,0.4854695547756961,0.5247030729230369,0.47529692707696297
009,33009SUGA01,0.6690772523222196,0.33092274767778046,0.505186099872212,0.4948139001277881,0.566040510308303,0.4339594896916968,0.6683331305682804,0.3316668694317197,0.5168855537097714,0.48311444629022865,0.5424751220165762,0.4575248779834238
009,33009THOR01,0.5410557895353021,0.4589442104646979,0.5057919452938069,0.4942080547061931,0.556248615235213,0.44375138476478704,0.6616011549117446,0.33839884508825535,0.5190925336174009,0.48090746638259907,0.5386575789294732,0.4613424210705268
009,33009WARR01,0.3544956738988562,0.6455043261011438,0.5102751215420148,0.4897248784579852,0.5573476635880186,0.4426523364119815,0.6894093971785629,0.3105906028214371,0.5189455369114816,0.4810544630885184,0.533977326758825,0.46602267324117497
009,33009WATE01,0.6105260315526736,0.38947396844732646,0.5126172221352839,0.4873827778647161,0.5583039401484491,0.44169605985155097,0.6672828709171056,0.33271712908289447,0.5183204368450208,0.4816795631549792,0.543577070010164,0.4564229299898361
009,33009WENT01,0.3319787718933833,0.6680212281066167,0.5062480028573374,0.4937519971426626,0.5637856001351073,0.4362143998648928,0.6659849541894033,0.3340150458105967,0.5158246459076915,0.48417535409230855,0.5269360736220796,0.4730639263779204
009,33009WOOD01,0.5211606262074994,0.4788393737925007,0.5037400516082791,0.49625994839172094,0.5647404474969548,0.43525955250304516,0.6664292798935001,0.33357072010649996,0.5171029436818453,0.4828970563181547,0.5352551752164182,0.46474482478358176
011,33011AMHE01,0.5864098522506486,0.4135901477493514,0.5367669118446383,0.4632330881553616,0.6124666325420837,0.38753336745791633,0.48482224229129206,0.515177757708708,0.3803532417700109,0.619646758229989,0.5122807722077155,0.48771922779228444
011,33011ANTR01,0.47003120550326277,0.5299687944967372,0.5338340161422055,0.4661659838577945,0.6169528014276572,0.3830471985723428,0.48043043474668573,0.5195695652533142,0.38717454941653756,0.6128254505834624,0.5124757172386731,0.48752428276132687
011,33011BEDF01,0.516219221240569,0.48378077875943104,0.5383578435252435,0.4616421564747564,0.6079298146348422,0.39207018536515764,0.4855131461674981,0.5144868538325019,0.38601974775722114,0.6139802522427789,0.5079365931594738,0.4920634068405262
011,33011BENN01,0.43627236942358233,0.5637276305764176,0.5394598402326345,0.4605401597673655,0.6105282077733097,0.3894717922266903,0.485707466831163,0.514292533168837,0.38187439398664763,0.6181256060133523,0.5004834482238868,0.49951655177611315
011,33011BRKL01,0.5171519408686358,0.48284805913136425,0.5416503239485964,0.4583496760514037,0.6127737633189649,0.3872262366810351,0.4756983131116392,0.5243016868883605,0.31981558430187923,0.6801844156981207,0.49792029003075033,0.5020797099692494
011,33011DRNG01,0.3770986155689415,0.6229013844310587,0.5409834551379523,0.45901654486204774,0.6137624451902904,0.38623755480970956,0.4820545161079945,0.5179454838920055,0.38597262115586717,0.6140273788441328,0.49815988299300307,0.5018401170069969
011,33011FRNT01,0.4922348096082768,0.5077651903917232,0.5407744964859217,0.45922550351407826,0.6183625640871766,0.3816374359128234,0.48200421909141095,0.517995780908589,0.38836605471098684,0.6116339452890132,0.5053615102822251,0.4946384897177749
011,33011GOFF01,0.4802782080432743,0.5197217919567257,0.5381671923437976,0.4618328076562023,0.6120961110554386,0.3879038889445614,0.4871491775593901,0.51285082244061,0.38765567186538663,0.6123443281346134,0.5039274473711332,0.4960725526288668
011,33011GRFD01,0.492795962990298,0.507204037009702,0.5464682359952431,0.453531764004757,0.6119022503578339,0.38809774964216615,0.48570879825359714,0.5142912017464029,0.38330590853477114,0.6166940914652291,0.5113300700187633,0.48866992998123665
011,33011GRNV01,0.42947803027617437,0.5705219697238256,0.5408864790277731,0.4591135209722269,0.6073743218723819,0.392625678127618,0.48206453443527353,0.5179354655647265,0.38858125781136466,0.6114187421886353,0.5030209315760658,0.49697906842393424
011,33011HANC01,0.6725421729432207,0.3274578270567793,0.542097401291779,0.45790259870822103,0.6147022699858447,0.38529773001415535,0.4765867691228215,0.5234132308771785,0.364426374021573,0.635573625978427,0.5284575743762701,0.47154242562373
011,33011HILS01,0.42237875900056016,0.5776212409994398,0.5421697989694408,0.4578302010305591,0.6229447707926641,0.37705522920733586,0.48316912767677206,0.516830872323228,0.3737237985082459,0.6262762014917541,0.5046633334882636,0.4953366665117364
011,33011HOLL01,0.5649997969144762,0.4350002030855238,0.5477223253973629,0.4522776746026371,0.6184389631326991,0.3815610368673009,0.48085067263461706,0.5191493273653829,0.37662845410494133,0.6233715458950586,0.5122753918180144,0.4877246081819856
011,33011HUDS01,0.4346371343382234,0.5653628656617766,0.5420295339317894,0.45797046606821057,0.603795864788899,0.396204135211101,0.466541275774848,0.533458724225152,0.38063202007392033,0.6193679799260797,0.4874029452441704,0.5125970547558296
011,33011LITC01,0.4396521205633,0.5603478794367,0.5368181730370476,0.4631818269629524,0.6146109829532344,0.38538901704676565,0.4798795668920388,0.5201204331079612,0.381349065292991,0.618650934707009,0.5014569580920009,0.4985430419079992
011,33011LYND01,0.4767602313047456,0.5232397686952543,0.5432536393142327,0.45674636068576735,0.6139471047279755,0.38605289527202447,0.4873858794255249,0.5126141205744751,0.38796454996281,0.6120354500371901,0.506932827122502,0.49306717287749796
011,33011MANC01,0.6094759210133578,0.39052407898664215,0.5500536915549785,0.4499463084450215,0.6261954517555797,0.3738045482444203,0.49452070565729317,0.5054792943427067,0.38787249836205334,0.6121275016379466,0.5126127959159081,0.4873872040840919
011,33011MANC02,0.5812978049112726,0.41870219508872736,0.5425661103107631,0.45743388968923693,0.6272442599246139,0.37275574007538614,0.4897013412083014,0.5102986587916987,0.3880109961847086,0.6119890038152914,0.5225547772109547,0.47744522278904533
011,33011MANC03,0.6176727971693944,0.38232720283060556,0.5619948813565561,0.4380051186434439,0.6532412155825009,0.34675878441749913,0.4927774259791632,0.5072225740208368,0.38969755965434205,0.610302440345658,0.5286775649539764,0.47132243504602356
011,33011MANC04,0.5399854795399808,0.4600145204600192,0.5376196600984575,0.46238033990154254,0.6096184346888717,0.3903815653111281,0.47763234248655906,0.5223676575134409,0.3712335209859063,0.6287664790140935,0.5127941510577325,0.4872058489422675
011,33011MANC05,0.520711848033027,0.47928815196697305,0.5313041717101403,0.4686958282898597,0.5927769438019678,0.40722305619803223,0.4797376272667037,0.5202623727332962,0.37770579369452234,0.6222942063054777,0.509014817146868,0.49098518285313203
011,33011MANC06,0.49084774452805857,0.5091522554719414,0.5444397490155132,0.45556025098448677,0.6079528873673724,0.3920471126326276,0.4767903326237492,0.5232096673762507,0.38746308355790304,0.612536916442097,0.505904676347905,0.49409532365209496
011,33011MANC07,0.5184821944554908,0.4815178055445091,0.5432286236973941,0.45677137630260595,0.6132402604187953,0.3867597395812047,0.47455874840555273,0.5254412515944473,0.3669096066408472,0.6330903933591528,0.507450723640857,0.492549276359143
011,33011MANC08,0.47156342270926227,0.5284365772907378,0.5419194775474948,0.45808052245250525,0.6130305616811823,0.3869694383188177,0.47626081268603243,0.5237391873139676,0.38023499977561015,0.6197650002243899,0.5043140681956706,0.49568593180432946
011,33011MANC09,0.4879635518579005,0.5120364481420995,0.5417043027010519,0.45829569729894815,0.6067593703143177,0.39324062968568224,0.4757095030849908,0.5242904969150092,0.38349137400164884,0.6165086259983512,0.5032019725988499,0.4967980274011501
011,33011MANC10,0.5053205677559183,0.4946794322440815,0.5391372353010987,0.4608627646989013,0.617042150278031,0.382957849721969,0.47706745281307017,0.5229325471869298,0.3814304437999812,0.6185695562000187,0.5066258961423518,0.4933741038576483
011,33011MANC11,0.5161725407017099,0.48382745929829,0.5456583193620779,0.45434168063792213,0.6196561323233857,0.3803438676766143,0.48013980118493343,0.5198601988150665,0.38597939636951684,0.6140206036304832,0.5066946756553365,0.4933053243446635
011,33011MANC12,0.5475021970902868,0.4524978029097132,0.5469490386115412,0.45305096138845885,0.6202104004449887,0.37978959955501135,0.4863578122671634,0.5136421877328367,0.3867365025650721,0.6132634974349279,0.5180895301390953,0.48191046986090463
011,33011MASO01,0.38579124820086586,0.6142087517991341,0.5407001493883884,0.4592998506116116,0.6057726410052009,0.39422735899479916,0.4826891268077297,0.5173108731922703,0.3923100388375672,0.6076899611624328,0.4920617458138453,0.5079382541861547
011,33011MERR01,0.5086613303253082,0.4913386696746918,0.5388780640547469,0.461121935945253,0.6205126909693577,0.37948730903064226,0.48528068443486944,0.5147193155651306,0.3812341337867044,0.6187658662132953,0.5069478284860894,0.49305217151391056
011,33011MILF01,0.5268238381032442,0.4731761618967559,0.5403745310007612,0.4596254689992388,0.6139218597769689,0.3860781402230311,0.4809814415174443,0.5190185584825556,0.3862477364035542,0.6137522635964457,0.49843912268531076,0.5015608773146892
011,33011MONT01,0.5552000045938815,0.4447999954061184,0.5429727884126214,0.45702721158737863,0.6211924096449465,0.3788075903550535,0.4826009723988602,0.5173990276011398,0.38238909502178725,0.6176109049782128,0.5135261976003224,0.4864738023996776
011,33011NASH01,0.5607979269793824,0.4392020730206177,0.5426673641650211,0.45733263583497863,0.6340699909953283,0.3659300090046717,0.48161943536397306,0.5183805646360269,0.3891563947497019,0.6108436052502981,0.5190812038943468,0.48091879610565325
011,33011NASH02,0.5825726029584393,0.41742739704156073,0.5382443675168982,0.46175563248310186,0.6307949325683332,0.36920506743166676,0.505140818032636,0.49485918196736395,0.39653919437002677,0.6034608056299732,0.516144173294882,0.48385582670511795
011,33011NASH03,0.5780715430456551,0.4219284569543449,0.5453545305638444,0.4546454694361556,0.614181169630369,0.38581883036963105,0.49205480390041006,0.50794519609959,0.38616103937944796,0.6138389606205521,0.5017681881187852,0.49823181188121485
011,33011NASH04,0.5395292560589883,0.46047074394101173,0.5465016589337867,0.45349834106621334,0.687428752880767,0.312571247119233,0.4895242235489001,0.5104757764511,0.3838148803162209,0.6161851196837791,0.5198912629191333,0.48010873708086665
011,33011NASH05,0.5429947447972066,0.45700525520279345,0.5386736879697971,0.4613263120302029,0.6300780785757638,0.36992192142423613,0.5070076189247474,0.49299238107525256,0.3836642589051737,0.6163357410948261,0.5207012360782846,0.4792987639217155
011,33011NASH06,0.5344971787953617,0.4655028212046383,0.547128524344975,0.45287147565502495,0.6476203974934351,0.3523796025065649,0.4718688463145839,0.5281311536854161,0.3871265087198261,0.6128734912801739,0.5118578026305332,0.48814219736946685
011,33011NASH07,0.5323073625584758,0.46769263744152423,0.5417958458873948,0.4582041541126051,0.6365511038024538,0.36344889619754617,0.48007503335693685,0.5199249666430632,0.37850559483323964,0.6214944051667604,0.5118385851061574,0.4881614148938426
011,33011NASH08,0.6306763808778939,0.3693236191221061,0.5514517074023388,0.4485482925976612,0.6288446327535455,0.3711553672464545,0.47803731658220633,0.5219626834177937,0.39006284899277593,0.6099371510072241,0.5245932934975603,0.47540670650243966
011,33011NASH09,0.5730944460979873,0.4269055539020126,0.5408555145801374,0.4591444854198626,0.6260993148648474,0.3739006851351526,0.4865993276731553,0.5134006723268447,0.3875168924421431,0.6124831075578566,0.5161191072830266,0.48388089271697343
011,33011NBOS01,0.4810755060982656,0.5189244939017343,0.5457919605576981,0.454208039442302,0.6111400355393332,0.38885996446066684,0.48779771921565374,0.5122022807843463,0.37803736699567125,0.6219626330043287,0.5100019542519442,0.4899980457480558
011,33011NIPS01,0.26855864971897625,0.73144135028102375,0.5355623558336791,0.4644376441663207,0.5964332700434208,0.40356672995657916,0.4804790046384267,0.5195209953615733,0.384644130411131,0.615355869588869,0.4957716690143759,0.504228330985624
011,33011PELH01,0.3583168395148678,0.6416831604851322,0.5383548445503685,0.4616451554496315,0.5974269196776227,0.40257308032237726,0.46488677293924896,0.535113227060751,0.3878971597142312,0.6121028402857688,0.492621564444336,0.5073784355556638
011,33011PETE01,0.7065616257104294,0.29343837428957065,0.5386979486709832,0.46130205132901686,0.6300379433956428,0.3699620566043572,0.4834736825678361,0.5165263174321638,0.38957064255990875,0.6104293574400912,0.5200537411914048,0.47994625880859515
011,33011SHAR01,0.5331675113587542,0.4668324886412458,0.5413653095280878,0.4586346904719122,0.6101612433417503,0.38983875665824974,0.47016529610433666,0.5298347038956633,0.395077076055153,0.604922923944847,0.5102467042761127,0.4897532957238873
011,33011TEMP01,0.48694720930346,0.51305279069654,0.5388530699733527,0.46114693002664725,0.6167391323905871,0.3832608676094129,0.48333465356317495,0.516665346436825,0.3944555817013056,0.6055444182986944,0.5052003492976561,0.4947996507023439
011,33011WEAR01,0.3802925557181201,0.61970744428188,0.5430162815475245,0.45698371845247554,0.6102917598874962,0.38970824011250377,0.483725095702188,0.516274904297812,0.3812123735868892,0.6187876264131108,0.5011989290294702,0.4988010709705298
011,33011WILT01,0.5079743635584,0.49202563644159997,0.5362178246055905,0.46378217539440925,0.6191671492250279,0.3808328507749721,0.4826537961821122,0.5173462038178878,0.38914063638173735,0.6108593636182627,0.5081693500698863,0.4918306499301137
011,33011WNDS01,0.22597764506727913,0.7740223549327209,0.5305120234130711,0.46948797658692887,0.5979963970469898,0.40200360295301024,0.4709537837758867,0.5290462162241131,0.38660438955542614,0.6133956104445738,0.4621985319802362,0.5378014680197638
013,330130BOW01,0.5801725131425685,0.41982748685743154,0.529312898770497,0.47068710122950297,0.7011437208005972,0.2988562791994029,0.5567880991664779,0.44321190083352213,0.49069162008775,0.50930837991225,0.49778460101847677,0.5022153989815232
013,33013ALLE01,0.43444131836744776,0.5655586816325523,0.5368712009003516,0.4631287990996485,0.6811712331383767,0.31882876686162337,0.5514566147929189,0.4485433852070811,0.4934649674143397,0.5065350325856603,0.49341537695926974,0.5065846230407303
013,33013ANDO01,0.5028854214162459,0.497114578583754,0.5370760266359763,0.46292397336402363,0.692372513747925,0.30762748625207476,0.5496024418992953,0.45039755810070464,0.4961239755302229,0.5038760244697771,0.4931270228381306,0.5068729771618694
013,33013BOSC01,0.4270414179058929,0.5729585820941071,0.5414549039642763,0.45854509603572374,0.6832909247287878,0.31670907527121217,0.548461414591403,0.45153858540859704,0.4897709875516831,0.510229012448317,0.49308520601938877,0.5069147939806112
013,33013BRAD01,0.521440290363132,0.478559709636868,0.5403087329807078,0.4596912670192922,0.6824518685301381,0.31754813146986194,0.5503829960505964,0.4496170039494034,0.4944314172318788,0.5055685827681212,0.49280670545600785,0.5071932945439919
013,33013CANT01,0.5483830755262084,0.4516169244737919,0.5370653187805474,0.4629346812194526,0.6963749550498068,0.30362504495019316,0.5554351603858505,0.44456483961414944,0.4944292905655691,0.5055707094344309,0.49435079370274965,0.5056492062972504
013,33013CHIC01,0.40223345284920803,0.5977665471507919,0.5334160749955775,0.46658392500442253,0.6869974061076757,0.31300259389232427,0.550112982221731,0.44988701777826906,0.4852439844750871,0.5147560155249129,0.4890816825070642,0.5109183174929358
013,33013CONC01,0.5904438127716212,0.40955618722837883,0.5346714443716168,0.4653285556283831,0.6956724665692811,0.30432753343071894,0.5562076930681493,0.4437923069318507,0.49395681765691507,0.506043182343085,0.4926092594747948,0.5073907405252052
013,33013CONC02,0.5834498578184706,0.4165501421815294,0.544607466184988,0.45539253381501194,0.7125529052148022,0.2874470947851978,0.5553915077935575,0.4446084922064425,0.48810185878833523,0.511898141211665,0.49952852791747776,0.5004714720825223
013,33013CONC03,0.6052776601236604,0.39472233987633965,0.5380447619485071,0.4619552380514929,0.6941846143433608,0.30581538565663924,0.5523082849792254,0.4476917150207747,0.4952470402231591,0.504752959776841,0.49861522303979644,0.5013847769602036
013,33013CONC04,0.6741763433851973,0.3258236566148027,0.5395119177138333,0.46048808228616667,0.6948959600002723,0.3051040399997277,0.5526851349125218,0.4473148650874782,0.49105311336588964,0.5089468866341101,0.499952609230512,0.500047390769488
013,33013CONC05,0.7471509492844904,0.25284905071550956,0.5483740935503542,0.45162590644964584,0.7087854163009979,0.29121458369900216,0.564780032921776,0.43521996707822375,0.49093745872798455,0.5090625412720154,0.5028278758273955,0.4971721241726044
013,33013CONC06,0.6431274389395173,0.3568725610604827,0.5391836149922754,0.4608163850077246,0.7006592184946572,0.29934078150534277,0.5539776107028003,0.4460223892971998,0.49480370259119427,0.5051962974088057,0.5055138015800669,0.49448619841993313
013,33013CONC07,0.6856326936332546,0.31436730636674537,0.534969502837631,0.46503049716236905,0.7023280306543177,0.2976719693456823,0.5546425513421295,0.4453574486578706,0.48644303715544107,0.513556962844559,0.5002643961807247,0.4997356038192753
013,33013CONC08,0.5969528544173622,0.4030471455826378,0.5296478574432928,0.4703521425567072,0.7060018262274814,0.2939981737725186,0.5507954654120556,0.4492045345879444,0.49077901349478553,0.5092209865052144,0.4954403923354881,0.5045596076645119
013,33013CONC09,0.6661268171998893,0.33387318280011075,0.5745086544107628,0.42549134558923724,0.7034635190152091,0.2965364809847909,0.5918819332649969,0.408118066735003,0.4878547849805864,0.5121452150194137,0.5102108804799576,0.4897891195200425
013,33013CONC10,0.6290045471084964,0.37099545289150354,0.5317670279915151,0.46823297200848496,0.6908268415684239,0.3091731584315761,0.5609555054422813,0.4390444945577185,0.49236714679334276,0.5076328532066572,0.5042526694955186,0.4957473305044814
013,33013DANB01,0.353518248216044,0.6464817517839557,0.5348162542216246,0.46518374577837546,0.7481000387319813,0.25189996126801867,0.5489603450751619,0.45103965492483816,0.4856452167788195,0.5143547832211806,0.4811556527512517,0.5188443472487483
013,33013DUNB01,0.4267761405632363,0.5732238594367637,0.5257874554168736,0.4742125445831265,0.711243637819398,0.28875636218060197,0.5522128502995585,0.4477871497004415,0.49255295707380825,0.5074470429261918,0.4858901369063744,0.5141098630936256
013,33013EPSO01,0.3727407661218465,0.6272592338781535,0.5372276873747197,0.46277231262528035,0.6934258290171972,0.30657417098280276,0.543692703460398,0.45630729653960195,0.4881950874181066,0.5118049125818932,0.4858516981417268,0.5141483018582732
013,33013FRAN01,0.36852975585203707,0.6314702441479629,0.5364404726113495,0.46355952738865025,0.6890215836966721,0.31097841630332784,0.5482324209462816,0.4517675790537185,0.4894097808440184,0.5105902191559816,0.48025079500173423,0.5197492049982655
013,33013FRAN02,0.42530228857438135,0.5746977114256187,0.5283072018900273,0.47169279810997267,0.7022141130320567,0.2977858869679433,0.5520926859733658,0.44790731402663414,0.48456641117968635,0.5154335888203136,0.47885087537633597,0.521149124623664
013,33013FRAN03,0.43247612506401545,0.5675238749359846,0.5356015126097269,0.4643984873902731,0.6867179989140123,0.31328200108598764,0.5494161239151032,0.45058387608489686,0.4828809730338662,0.5171190269661339,0.49489244244216835,0.5051075575578317
013,33013HENN01,0.5351755484608455,0.4648244515391545,0.5379206128449445,0.4620793871550555,0.7061932384881284,0.2938067615118716,0.5500474027448836,0.4499525972551163,0.49465918425077116,0.5053408157492288,0.48823125065454565,0.5117687493454544
013,33013HILL01,0.34881561928169064,0.6511843807183093,0.5320723200859664,0.46792767991403356,0.6963486842758139,0.3036513157241862,0.5502151765251743,0.44978482347482573,0.4917671151845305,0.5082328848154695,0.4833512265950335,0.5166487734049665
013,33013HOOK01,0.46562312013249324,0.5343768798675066,0.5358103713119375,0.46418962868806246,0.6897862057963063,0.3102137942036936,0.5487675149215759,0.451232485078424,0.49025513709586405,0.509744862904136,0.4811993450831016,0.5188006549168984
013,33013HOPK01,0.6421656831382523,0.35783431686174766,0.5332608002629066,0.46673919973709344,0.6930732231507221,0.306926776849278,0.5538899601206,0.4461100398794,0.4908641535607134,0.5091358464392866,0.5010444090863382,0.4989555909136618
013,33013LOUD01,0.3767385887409154,0.6232614112590846,0.5299530287044613,0.47004697129553874,0.6884209703617893,0.3115790296382107,0.5534399910764042,0.44656000892359576,0.4934546027240342,0.5065453972759658,0.48649268599623813,0.5135073140037619
013,33013NBRY01,0.5446502664427871,0.45534973355721287,0.5352289710369842,0.4647710289630158,0.7262347672051517,0.2737652327948483,0.5485172725061703,0.45148272749382967,0.4905695840729605,0.5094304159270395,0.4937300536966872,0.5062699463033128
013,33013NFLD01,0.39764916097884684,0.6023508390211532,0.5306479773754051,0.4693520226245948,0.6859663660494995,0.31403363395050055,0.5554420849566557,0.44455791504334435,0.4894407946512895,0.5105592053487106,0.49167620074078233,0.5083237992592177
013,33013NLON01,0.6727297106100054,0.3272702893899946,0.5361911833035385,0.46380881669646146,0.6981062167146737,0.3018937832853264,0.558191094206196,0.441808905793804,0.49482748917343633,0.5051725108265637,0.49946897229762977,0.5005310277023702
013,33013PEMB01,0.48981219825196654,0.5101878017480335,0.5355018920870868,0.46449810791291324,0.6907497023318304,0.30925029766816964,0.5567516841255242,0.4432483158744758,0.4908906711274332,0.5091093288725665,0.49366735081365865,0.5063326491863414
013,33013PITF01,0.3549124098481557,0.6450875901518444,0.5320514021997229,0.46794859780027687,0.6880617988602772,0.3119382011397228,0.5435964424201875,0.45640355757981255,0.49184533385018453,0.5081546661498155,0.48356605177390727,0.5164339482260927
013,33013SALI01,0.37771733925155465,0.6222826607484453,0.531512855467761,0.468487144532239,0.7101833287664521,0.28981667123354793,0.5523167102475675,0.4476832897524325,0.4867699903284734,0.5132300096715267,0.4835970082815851,0.516402991718415
013,33013SUTT01,0.5464660893638748,0.4535339106361252,0.5299075694067267,0.4700924305932733,0.6908205387659816,0.3091794612340184,0.5510264427999808,0.44897355720001925,0.49289308084281325,0.5071069191571868,0.49301153051449575,0.5069884694855042
013,33013WARN01,0.5361499179863999,0.4638500820136002,0.5364349634004365,0.4635650365995635,0.714758945035448,0.285241054964552,0.5493786638376364,0.45062133616236355,0.4899004656933659,0.5100995343066341,0.4901032887980486,0.5098967112019515
013,33013WEBS01,0.42687452565994544,0.5731254743400546,0.5332416974933639,0.4667583025066361,0.6915977082688071,0.30840229173119293,0.55282121233479,0.44717878766521,0.49112559396996097,0.5088744060300389,0.4827545290292927,0.5172454709707073
013,33013WILM01,0.6074955187455152,0.39250448125448484,0.5391047432744801,0.46089525672551984,0.7036616530820975,0.29633834691790245,0.5539909658856011,0.4460090341143988,0.48692175416177075,0.5130782458382293,0.49318288090501744,0.5068171190949826
015,330150RYE01,0.6059026788214845,0.39409732117851554,0.4897731297831199,0.5102268702168801,0.48635546299697896,0.513644537003021,0.5441018518323144,0.45589814816768554,0.525622403688784,0.47437759631121595,0.5206960871923284,0.4793039128076716
015,33015ATKI01,0.41605497581468726,0.5839450241853128,0.48983570149429567,0.5101642985057043,0.486619946548326,0.513380053451674,0.5353126835760893,0.46468731642391065,0.5204214398340891,0.47957856016591094,0.5076237517163841,0.4923762482836159
015,33015AUBU01,0.4090012360986396,0.5909987639013604,0.4888165274198999,0.5111834725801001,0.48727099098608817,0.5127290090139116,0.5451357423331198,0.4548642576668802,0.5228856183325112,0.47711438166748876,0.5101910422933953,0.4898089577066047
015,33015BREN01,0.5129165577055713,0.4870834422944287,0.4910877233520469,0.5089122766479531,0.48672957933505345,0.5132704206649465,0.5433864294448592,0.45661357055514085,0.5211523478001775,0.4788476521998225,0.5147398555382788,0.4852601444617211
015,33015CAND01,0.3602311366567856,0.6397688633432145,0.48123857357594096,0.5187614264240591,0.47776935339129817,0.5222306466087019,0.534321320665908,0.465678679334092,0.516532812962733,0.48346718703726704,0.5069277625576755,0.4930722374423246
015,33015CHSR01,0.3999951382772608,0.6000048617227395,0.4818267405592224,0.5181732594407775,0.4845783169475754,0.5154216830524246,0.5420017583554039,0.4579982416445961,0.5191817821545134,0.4808182178454866,0.5133067397781551,0.4866932602218449
015,33015DANV01,0.35988690771225923,0.6401130922877407,0.48802529098060926,0.5119747090193908,0.48019934584056895,0.519800654159431,0.540219906027449,0.4597800939725511,0.5209284978788649,0.4790715021211351,0.5028480744522683,0.49715192554773163
015,33015DERR01,0.43350423501937907,0.5664957649806209,0.48937135029999385,0.5106286497000062,0.48010184458856664,0.5198981554114334,0.5447812284007328,0.45521877159926716,0.5134610372756192,0.48653896272438085,0.5028255264107805,0.4971744735892195
015,33015DERR02,0.43430041479144943,0.5656995852085506,0.48754346012155697,0.5124565398784431,0.48171798714523234,0.5182820128547677,0.54292314010639,0.4570768598936101,0.516255750173702,0.4837442498262983,0.5084081042310933,0.49159189576890666
015,33015DERR03,0.4326945268756753,0.5673054731243247,0.4945053990332779,0.505494600966722,0.47994798618593576,0.5200520138140643,0.5471356787562549,0.4528643212437451,0.5205649730914863,0.47943502690851375,0.5092749802164017,0.4907250197835982
015,33015DERR04,0.43223929679100104,0.567760703208999,0.49005443361011836,0.5099455663898816,0.4833250159732493,0.5166749840267507,0.5449172310835039,0.4550827689164961,0.5233143910756728,0.47668560892432704,0.5120772776047011,0.4879227223952988
015,33015DFLD01,0.4171229555952076,0.5828770444047924,0.48900343297647664,0.5109965670235234,0.48916072876727207,0.5108392712327279,0.5372371535906109,0.4627628464093889,0.520445834843434,0.479554165156566,0.5076102274241916,0.49238977257580846
015,33015EKIN01,0.4543467082319803,0.5456532917680197,0.49154533801604833,0.5084546619839517,0.4892955846581902,0.5107044153418099,0.543454670073507,0.45654532992649294,0.5226029352221663,0.4773970647778337,0.5163851260121727,0.4836148739878274
015,33015EPPI01,0.43589214789076525,0.5641078521092348,0.4935069403431894,0.5064930596568106,0.4850756374794193,0.5149243625205807,0.5390953607854553,0.4609046392145447,0.5171419930755625,0.4828580069244375,0.5135076178729089,0.48649238212709117
015,33015EXET01,0.6807319111615278,0.31926808883847224,0.4890399069033,0.5109600930967,0.4969881597175388,0.5030118402824612,0.5495980629512991,0.45040193704870085,0.5170874740755244,0.4829125259244756,0.5215602512428119,0.47843974875718803
015,33015FREM01,0.39559815198144327,0.6044018480185568,0.4840570045550075,0.5159429954449924,0.4933707097556843,0.5066292902443157,0.5385046995938119,0.46149530040618814,0.518562465956843,0.48143753404315703,0.5105161259801095,0.48948387401989046
015,33015GRND01,0.5834989208231482,0.41650107917685175,0.4912048933910332,0.5087951066089669,0.49083419838390613,0.5091658016160938,0.5489029880004364,0.4510970119995635,0.5245466378305267,0.4754533621694733,0.5189698486576603,0.4810301513423398
015,33015HAFA01,0.4670057440034296,0.5329942559965704,0.49617218938047997,0.50382781061952,0.48769351626071045,0.5123064837392896,0.5377699313831507,0.4622300686168494,0.5201210217410633,0.47987897825893666,0.5086348213416306,0.4913651786583694
015,33015HMST01,0.39907581260216163,0.6009241873978384,0.48695351373160334,0.5130464862683967,0.4768522774833526,0.5231477225166473,0.539747689416675,0.460252310583325,0.5162620046103155,0.4837379953896846,0.5062752694274639,0.49372473057253613
015,33015HMTN01,0.534183500938359,0.465816499061641,0.48272995621062964,0.5172700437893704,0.48994644378742475,0.510053556212575,0.5352048799961612,0.4647951200038389,0.5166725886439558,0.4833274113560439,0.5211773811883821,0.4788226188116179
015,33015KENS01,0.5118500929042475,0.48814990709575246,0.48677368695535933,0.5132263130446407,0.490397296712809,0.509602703287191,0.5405827117406159,0.4594172882593841,0.5165447564649611,0.4834552435350389,0.5216594260624138,0.4783405739375862
015,33015KING01,0.40437648639197743,0.5956235136080226,0.4845502588749926,0.5154497411250074,0.48020650310910695,0.519793496890893,0.540277315749867,0.459722684250133,0.5171917761404913,0.48280822385950867,0.506254747727443,0.49374525227255694
015,33015LOND01,0.4724823639797098,0.5275176360202902,0.49152114429469945,0.5084788557053005,0.48930902054129644,0.5106909794587036,0.5425779501072685,0.45742204989273144,0.5240646559947741,0.47593534400522586,0.5101473070434042,0.48985269295659584
015,33015NCAS01,0.6639976791479797,0.33600232085202036,0.49119459573482765,0.5088054042651724,0.49330702432082313,0.5066929756791769,0.5518176159931535,0.44818238400684657,0.5192376455587474,0.48076235444125265,0.5283249389725463,0.4716750610274537
015,33015NEWF01,0.5987586143627958,0.4012413856372043,0.48372822121902853,0.5162717787809714,0.4894258711478741,0.5105741288521259,0.5474809907239566,0.4525190092760434,0.5227651539626157,0.47723484603738425,0.5167592973751151,0.483240702624885
015,33015NEWT01,0.39677973409342604,0.6032202659065737,0.48487245122121664,0.5151275487787834,0.4907357138755356,0.5092642861244644,0.5427614444751752,0.4572385555248249,0.5213726465810432,0.4786273534189568,0.5080532608214228,0.4919467391785772
015,33015NMAR01,0.6754359435325289,0.32456405646747116,0.48889467346859206,0.5111053265314079,0.4984704130458271,0.5015295869541728,0.5489941273871256,0.45100587261287445,0.5306413308603881,0.46935866913961183,0.5294077449809909,0.4705922550190092
015,33015NOHA01,0.5786329916795583,0.4213670083204417,0.4948288156556886,0.5051711843443114,0.4956785540796616,0.5043214459203383,0.5430298424058301,0.45697015759416987,0.5190533663101377,0.48094663368986235,0.5180909866807244,0.48190901331927566
015,33015NOTT01,0.49501032923919613,0.5049896707608038,0.48935833274346074,0.5106416672565393,0.48757456827334206,0.512425431726658,0.5425490463476066,0.4574509536523934,0.520049851576893,0.479950148423107,0.5178054134671856,0.4821945865328144
015,33015NTHW01,0.45380324508192776,0.5461967549180722,0.4861892056637081,0.5138107943362918,0.48717759316646664,0.5128224068335333,0.5461592007062668,0.45384079929373317,0.5193712527565437,0.48062874724345633,0.5048505645303152,0.4951494354696848
015,33015NWIN01,0.48872862343897777,0.5112713765610223,0.4842551427044691,0.5157448572955309,0.48743330391814454,0.5125666960818555,0.5413597922193547,0.45864020778064524,0.5161390990837631,0.48386090091623696,0.5086862521435473,0.49131374785645265
015,33015PLAI01,0.39921261993962054,0.6007873800603795,0.492345003904181,0.507654996095819,0.48786787299560774,0.5121321270043923,0.5455377667524143,0.4544622332475857,0.5140053424772895,0.4859946575227106,0.5065766458671028,0.49342335413289723
015,33015PORT01,0.7407526371471119,0.259247362852888,0.49617390128015876,0.5038260987198412,0.5013327300328935,0.4986672699671065,0.5703272486689752,0.4296727513310247,0.5159713781857682,0.4840286218142318,0.5241228376575415,0.4758771623424584
015,33015PORT02,0.7845178690098105,0.2154821309901895,0.49826756444942943,0.5017324355505706,0.49871071284202684,0.5012892871579732,0.5453604404775249,0.4546395595224752,0.5248214974699134,0.4751785025300867,0.5341636566725049,0.4658363433274952
015,33015PORT03,0.6833802777282254,0.31661972227177465,0.49151096933404326,0.5084890306659567,0.5018904532305063,0.4981095467694937,0.5647411895667601,0.43525881043323994,0.5149927396378404,0.4850072603621595,0.5285004865826268,0.4714995134173732
015,33015PORT04,0.6446987253384657,0.3553012746615342,0.49012507945139905,0.509874920548601,0.4961531653682255,0.5038468346317743,0.5509473291177026,0.4490526708822974,0.5195296927040407,0.4804703072959593,0.5161358914354518,0.48386410856454826
015,33015PORT05,0.7941221461276896,0.20587785387231036,0.48944812037489804,0.510551879625102,0.5198007344942638,0.4801992655057363,0.5679619915754296,0.4320380084245704,0.5244086713930896,0.4755913286069104,0.5316190760987227,0.4683809239012773
015,33015RAYM01,0.37395707695404035,0.6260429230459597,0.4872930857867097,0.5127069142132903,0.4868172629234315,0.5131827370765685,0.5451815500347839,0.4548184499652162,0.5226923169893849,0.4773076830106151,0.49234000075421186,0.5076599992457882
015,33015SALE01,0.39082889185626796,0.6091711081437321,0.48823946467454254,0.5117605353254575,0.48174155843832506,0.5182584415616749,0.5387007176547326,0.4612992823452674,0.5205235741711224,0.4794764258288776,0.5077248579779223,0.4922751420220777
015,33015SEAB01,0.3778178132747683,0.6221821867252316,0.4891665358392359,0.5108334641607641,0.4861562125432763,0.5138437874567237,0.5396431883581386,0.4603568116418614,0.5197046384402991,0.4802953615597009,0.5085112223682838,0.49148877763171617
015,33015SNDN01,0.3661025738703767,0.6338974261296231,0.48469740840684183,0.5153025915931582,0.4764568142500195,0.5235431857499805,0.5390250063994406,0.4609749936005593,0.5203762177299939,0.47962378227000607,0.519416384405305,0.4805836155946949
015,33015SOHA01,0.4303849844698167,0.5696150155301833,0.48768222334816913,0.5123177766518309,0.4812118157648943,0.5187881842351056,0.5422692934115287,0.4577307065884713,0.5152566810794607,0.4847433189205393,0.5072939749918888,0.49270602500811117
015,33015STRM01,0.6092056727775973,0.39079432722240276,0.48481742914341186,0.5151825708565881,0.49066748383060294,0.5093325161693971,0.5517365457168025,0.44826345428319747,0.5093313122486453,0.49066868775135475,0.51663472255853,0.48336527744146995
015,33015WNDM01,0.4323305023982081,0.5676694976017919,0.48767491953441616,0.5123250804655839,0.4759107351986128,0.5240892648013872,0.5359613562213783,0.46403864377862175,0.5212885774539315,0.47871142254606847,0.5064252729944592,0.4935747270055408
017,330170LEE01,0.6726299215603856,0.32737007843961435,0.49878224674445054,0.5012177532555495,0.5097661352874117,0.4902338647125883,0.5564381290296799,0.4435618709703201,0.49330601619666936,0.5066939838033306,0.5023423968743544,0.49765760312564555
017,33017BARR01,0.5219447759778225,0.4780552240221774,0.5001215965780685,0.4998784034219314,0.5143752442711028,0.4856247557288972,0.5404553798091282,0.45954462019087183,0.49376067222891307,0.5062393277710869,0.4906463017325799,0.50935369826742
017,33017DOVE01,0.763390967950665,0.236609032049335,0.5039990812310049,0.49600091876899505,0.5272899102297274,0.4727100897702726,0.565233470768139,0.43476652923186104,0.49647338001944596,0.503526619980554,0.5174371304544757,0.48256286954552435
017,33017DOVE02,0.7326581479294012,0.2673418520705988,0.5042986533852443,0.4957013466147558,0.5204913444092722,0.47950865559072775,0.5537676089145296,0.4462323910854704,0.489789285187078,0.510210714812922,0.5062582789529555,0.49374172104704456
017,33017DOVE03,0.6348221324486192,0.3651778675513808,0.5000336774490532,0.49996632255094675,0.5088960353274155,0.49110396467258455,0.5494917084181836,0.4505082915818161,0.48658719104971765,0.5134128089502824,0.4874306901577754,0.5125693098422246
017,33017DOVE04,0.6577271061686172,0.342272893831383,0.500816160239488,0.49918383976051195,0.5291944310337628,0.4708055689662372,0.5584200254443655,0.4415799745556344,0.4934187948002517,0.5065812051997483,0.5087222250760531,0.4912777749239469
017,33017DOVE05,0.6613256593951394,0.33867434060486057,0.5051794580988158,0.49482054190118413,0.5201866258228192,0.4798133741771809,0.5618356654040904,0.4381643345959096,0.48596932480978966,0.5140306751902104,0.5053237368729704,0.49467626312702967
017,33017DOVE06,0.6064666739616617,0.3935333260383383,0.49708897775570127,0.5029110222442987,0.5199056363027021,0.4800943636972979,0.5477010449268367,0.45229895507316326,0.49081451609601573,0.5091854839039843,0.5013806115215746,0.49861938847842513
017,33017DURH01,0.7603484656318831,0.2396515343681169,0.5126906295968462,0.4873093704031538,0.537231337729552,0.46276866227044805,0.5800474704436948,0.41995252955630524,0.49470696403870734,0.5052930359612929,0.5171882128338603,0.4828117871661397
017,33017FARM01,0.37655812066774,0.6234418793322599,0.5001085571249873,0.49989144287501275,0.5119687988825778,0.4880312011174221,0.5404675923354075,0.4595324076645925,0.4869160476096983,0.5130839523903017,0.4917110421067074,0.5082889578932926
017,33017MADB01,0.6420863807997875,0.3579136192002125,0.49884834963888247,0.5011516503611175,0.5198838377165291,0.4801161622834708,0.5546592353673621,0.44534076463263794,0.4893674821585848,0.5106325178414153,0.5022060894386733,0.4977939105613267
017,33017MIDD01,0.32652707055563024,0.6734729294443698,0.5001203477964391,0.4998796522035609,0.5105818028140465,0.48941819718595353,0.5390769307754665,0.4609230692245336,0.49013452570498267,0.5098654742950173,0.487471668604585,0.512528331395415
017,33017MILT01,0.37237183390504014,0.6276281660949599,0.4944999221466611,0.505500077853339,0.508091139714591,0.49190886028540903,0.5492297457403513,0.45077025425964873,0.4894263608462684,0.5105736391537316,0.48923535068485324,0.5107646493151468
017,33017NDUR01,0.3847179806544203,0.6152820193455797,0.5001298157054409,0.49987018429455915,0.5116680026444225,0.4883319973555776,0.5418875466769879,0.45811245332301204,0.4932902164001621,0.506709783599838,0.4881960973760131,0.5118039026239869
017,33017ROCH01,0.5003255897037557,0.4996744102962443,0.5006257863262992,0.4993742136737009,0.5139786912931483,0.4860213087068516,0.5433259446588777,0.45667405534112226,0.492392457377348,0.5076075426226521,0.4930653478731111,0.5069346521268889
017,33017ROCH02,0.4874581288280183,0.5125418711719817,0.49642608176542985,0.5035739182345701,0.5169056685060521,0.48309433149394787,0.551459592390583,0.4485404076094171,0.4956251628446953,0.5043748371553046,0.4951182312897985,0.5048817687102015
017,33017ROCH03,0.44898810316902843,0.5510118968309716,0.4997325760399892,0.5002674239600108,0.5142865029800737,0.4857134970199262,0.5432168048503611,0.45678319514963894,0.48582772766915133,0.5141722723308487,0.48525459342476956,0.5147454065752305
017,33017ROCH04,0.4827991895013952,0.5172008104986046,0.4964635066130354,0.5035364933869646,0.5022879537593938,0.49771204624060617,0.5440892441993003,0.4559107558006997,0.49835208516337354,0.5016479148366265,0.4858113229343293,0.5141886770656707
017,33017ROCH05,0.45026785054802637,0.5497321494519737,0.49517640254361306,0.5048235974563869,0.5117754163126247,0.4882245836873753,0.5409787245239767,0.4590212754760233,0.49114769433247973,0.5088523056675203,0.49472313329622564,0.5052768667037744
017,33017ROCH06,0.5120757155881765,0.4879242844118235,0.4976493931266537,0.5023506068733463,0.5094556488264032,0.4905443511735969,0.5463374532388493,0.4536625467611507,0.48815561716754136,0.5118443828324584,0.49651963294937507,0.5034803670506249
017,33017ROLL01,0.5702519501797504,0.4297480498202496,0.5036897605268187,0.49631023947318137,0.5172001328389322,0.48279986716106776,0.5445438836900618,0.45545611630993826,0.4904730296117673,0.5095269703882327,0.49822710004217896,0.501772899957821
017,33017SOME01,0.5659638554597942,0.43403614454020584,0.49307519263757793,0.5069248073624221,0.5104047280852568,0.4895952719147431,0.5405044999007663,0.4594955000992337,0.49528304847834254,0.5047169515216574,0.5018901391558425,0.4981098608441575
017,33017SOME02,0.5181082553402674,0.48189174465973256,0.49826097451349277,0.5017390254865073,0.5127768098961584,0.48722319010384163,0.5453671468241726,0.45463285317582736,0.4911850742337529,0.5088149257662471,0.503862465206914,0.4961375347930859
017,33017SOME03,0.5357935100438203,0.4642064899561797,0.501235634626523,0.49876436537347707,0.5155415615781493,0.4844584384218507,0.5430927025057583,0.4569072974942417,0.4914924873211614,0.5085075126788385,0.4949369481919704,0.5050630518080296
017,33017SOME04,0.6225090969580798,0.37749090304192023,0.4983900297060075,0.5016099702939926,0.5206106151718357,0.4793893848281643,0.5498032311700299,0.45019676882997006,0.49648468939270207,0.5035153106072979,0.502157340434229,0.497842659565771
017,33017SOME05,0.5689035091838692,0.4310964908161306,0.5033611977303182,0.4966388022696819,0.5170721266558191,0.4829278733441809,0.5434395271930722,0.4565604728069278,0.4926670226266152,0.5073329773733848,0.5053090571084796,0.4946909428915204
017,33017STFD01,0.4730483352022629,0.5269516647977371,0.5015423071964275,0.4984576928035725,0.5144978411620703,0.4855021588379297,0.5461084831145786,0.45389151688542145,0.4915190209633292,0.5084809790366708,0.5058857454871537,0.4941142545128463
019,33019ACWO01,0.4819874053747092,0.5180125946252908,0.38564429108335524,0.6143557089166447,0.5192114348109694,0.4807885651890305,0.5138493036845234,0.4861506963154766,0.48712724385943545,0.5128727561405646,0.5068492268657582,0.4931507731342418
019,33019CHAR01,0.44918579340305737,0.5508142065969427,0.38466763620213773,0.6153323637978623,0.5168345094688503,0.48316549053114966,0.5119073818985902,0.4880926181014098,0.4816990163431006,0.5183009836568994,0.5024284514102316,0.4975715485897684
019,33019CLAR01,0.5033086761713993,0.49669132382860076,0.3883487820069156,0.6116512179930844,0.5212876681482271,0.47871233185177287,0.5175113897792606,0.4824886102207394,0.4822014662598616,0.5177985337401384,0.5077424388816305,0.49225756111836955
019,33019CLAR02,0.4960431657134516,0.5039568342865484,0.3934106462406979,0.6065893537593021,0.5149244542889351,0.4850755457110649,0.5264171808868604,0.47358281911313954,0.4871775956474518,0.5128224043525482,0.5095061433959411,0.4904938566040588
019,33019CLAR03,0.4443249440023788,0.5556750559976211,0.3888595630622379,0.6111404369377621,0.5223408352384475,0.4776591647615525,0.5165115209492489,0.4834884790507511,0.4784679275319384,0.5215320724680615,0.5028920981548444,0.4971079018451554
019,33019CORN01,0.5915513315490923,0.4084486684509079,0.3438321010447088,0.6561678989552913,0.5151663447713395,0.48483365522866056,0.5119405612386757,0.48805943876132424,0.483246970269553,0.516753029730447,0.5076850525236375,0.49231494747636256
019,33019CROY01,0.3068632823967957,0.6931367176032043,0.3860454372893859,0.6139545627106141,0.5095629927168582,0.4904370072831417,0.519287450293508,0.48071254970649197,0.47957486567659163,0.5204251343234083,0.4868609568957051,0.5131390431042949
019,33019GOSH01,0.338353754528459,0.6616462454715409,0.38731701134293095,0.612682988657069,0.5181847763042167,0.48181522369578333,0.5175156795786702,0.48248432042132977,0.4854421591456386,0.5145578408543614,0.49986175214938977,0.50013824785061
019,33019GRAN01,0.6970912058690382,0.30290879413096183,0.3879485975186053,0.6120514024813948,0.5238755303488332,0.4761244696511668,0.5261664335411759,0.4738335664588242,0.4915226161793336,0.5084773838206665,0.5216431677055149,0.4783568322944851
019,33019LANG01,0.4594979295960803,0.5405020704039197,0.39163725642651137,0.6083627435734886,0.5183369488869068,0.4816630511130931,0.5175380579839086,0.4824619420160914,0.481987162982343,0.518012837017657,0.5117772614273481,0.48822273857265186
019,33019LEMP01,0.4165572934583826,0.5834427065416173,0.39430693990870697,0.605693060091293,0.5126274670931054,0.48737253290689464,0.5204350975173171,0.47956490248268285,0.4865953788807219,0.5134046211192779,0.49839921170654927,0.5016007882934507
019,33019NEWP01,0.39205497539673684,0.6079450246032632,0.38883609097148875,0.6111639090285113,0.5190362387265723,0.48096376127342766,0.5159531108049029,0.48404688919509686,0.4823103398770781,0.5176896601229218,0.497851778345894,0.502148221654106
019,33019PLFD01,0.7052522273953907,0.2947477726046092,0.3931858056303767,0.6068141943696234,0.514411796744406,0.485588203255594,0.5221268444258665,0.47787315557413346,0.48441190227510383,0.5155880977248962,0.5135705995186342,0.4864294004813659
019,33019SPRI01,0.47909758793819934,0.5209024120618007,0.3879109571140957,0.6120890428859044,0.5165469655316776,0.4834530344683224,0.5172701500342926,0.48272984996570745,0.4841534415697861,0.5158465584302139,0.505767943880747,0.4942320561192531
019,33019SUNA01,0.5426647202993585,0.4573352797006415,0.3873659087830242,0.6126340912169759,0.5230727471184843,0.4769272528815157,0.5120642674577512,0.48793573254224876,0.4782555095546626,0.5217444904453373,0.5037591574586396,0.49624084254136036
019,33019UNIT01,0.3333532471628104,0.6666467528371895,0.3901755668699103,0.6098244331300897,0.5147187151528217,0.4852812848471783,0.513714679781368,0.4862853202186321,0.48334102937990303,0.516658970620097,0.4956721961002993,0.5043278038997008
019,33019WASH01,0.40000818183196013,0.5999918181680398,0.39586480551794573,0.6041351944820543,0.5218587488481526,0.47814125115184736,0.51301861522879455,0.4869813847712052,0.48587406485783574,0.5141259351421642,0.5016692256268415,0.4983307743731585
