county,race,cand,mean,sd,ci_95_lower,ci_95_upper
Barnstable County,vap_white,pre_16_dem_cli,0.5660733388410927,0.014883111442496027,0.5367253922274055,0.5919824257450841
Barnstable County,vap_white,pre_16_rep_tru,0.43392666115890727,0.014883111442496027,0.4080175742549159,0.4632746077725945
Barnstable County,vap_black,pre_16_dem_cli,0.6702253254147844,0.14513689240354372,0.3741524744115925,0.9141182625115584
Barnstable County,vap_black,pre_16_rep_tru,0.3297746745852156,0.14513689240354372,0.08588173748844165,0.6258475255884075
Barnstable County,vap_hisp,pre_16_dem_cli,0.5733114181158449,0.14585710665320653,0.27419361862679975,0.8340554125025411
Barnstable County,vap_hisp,pre_16_rep_tru,0.42668858188415515,0.14585710665320653,0.16594458749745888,0.7258063813732003
Barnstable County,vap_oth,pre_16_dem_cli,0.5435632043821007,0.15980665532441624,0.2649716434110233,0.8418631720322729
Barnstable County,vap_oth,pre_16_rep_tru,0.4564367956178993,0.15980665532441624,0.15813682796772718,0.7350283565889766
Barnstable County,vap_white,uss_18_dem_war,0.5317258755481695,0.012588323953135368,0.5090340335429778,0.5559767460798174
Barnstable County,vap_white,uss_18_rep_die,0.4682741244518304,0.01258832395313537,0.44402325392018255,0.4909659664570222
Barnstable County,vap_black,uss_18_dem_war,0.6186119584453916,0.14627248143115681,0.32108389014045924,0.8652003180107949
Barnstable County,vap_black,uss_18_rep_die,0.38138804155460837,0.14627248143115681,0.13479968198920503,0.6789161098595407
Barnstable County,vap_hisp,uss_18_dem_war,0.6125597027880496,0.16242299433096621,0.2597988262931809,0.8709143600007709
Barnstable County,vap_hisp,uss_18_rep_die,0.38744029721195034,0.16242299433096621,0.12908563999922892,0.7402011737068189
Barnstable County,vap_oth,uss_18_dem_war,0.6064965753501476,0.15086862407970225,0.3208389980956551,0.8798049288213727
Barnstable County,vap_oth,uss_18_rep_die,0.3935034246498525,0.15086862407970225,0.12019507117862722,0.6791610019043449
Barnstable County,vap_white,gov_18_rep_bak,0.7819393079188979,0.012660774175288311,0.7562612180816185,0.8045626726766835
Barnstable County,vap_white,gov_18_dem_gon,0.21806069208110207,0.012660774175288311,0.19543732732331653,0.24373878191838141
Barnstable County,vap_black,gov_18_rep_bak,0.48447604572430164,0.17523307894533577,0.172420787890172,0.8276015392126109
Barnstable County,vap_black,gov_18_dem_gon,0.5155239542756983,0.17523307894533577,0.17239846078738907,0.8275792121098278
Barnstable County,vap_hisp,gov_18_rep_bak,0.48437095003919034,0.16870672765037245,0.18635421245759193,0.8131513721940995
Barnstable County,vap_hisp,gov_18_dem_gon,0.5156290499608096,0.16870672765037245,0.18684862780590036,0.8136457875424081
Barnstable County,vap_oth,gov_18_rep_bak,0.446792020398756,0.15615039631157035,0.1775933625211619,0.7563245577118048
Barnstable County,vap_oth,gov_18_dem_gon,0.553207979601244,0.15615039631157035,0.2436754422881952,0.8224066374788381
Barnstable County,vap_white,atg_18_dem_hea,0.6057698506902781,0.011629562943634384,0.5853989411382846,0.6285829706516463
Barnstable County,vap_white,atg_18_rep_mcm,0.3942301493097218,0.011629562943634384,0.3714170293483538,0.4146010588617154
Barnstable County,vap_black,atg_18_dem_hea,0.6438183388557722,0.13785603029660654,0.3498022917098821,0.883818063008765
Barnstable County,vap_black,atg_18_rep_mcm,0.35618166114422783,0.13785603029660654,0.11618193699123512,0.6501977082901179
Barnstable County,vap_hisp,atg_18_dem_hea,0.5444653211132353,0.15068473722765563,0.24466750734343862,0.8187856549000192
Barnstable County,vap_hisp,atg_18_rep_mcm,0.4555346788867647,0.15068473722765563,0.18121434509998066,0.7553324926565611
Barnstable County,vap_oth,atg_18_dem_hea,0.6368722579911102,0.13537970600272045,0.35218076697803025,0.88380143907755
Barnstable County,vap_oth,atg_18_rep_mcm,0.36312774200888975,0.13537970600272045,0.11619856092245,0.6478192330219696
Barnstable County,vap_white,pre_20_dem_bid,0.6281339762157377,0.01231344607444092,0.6043770999423088,0.6512371030544757
Barnstable County,vap_white,pre_20_rep_tru,0.3718660237842622,0.01231344607444092,0.3487628969455243,0.3956229000576912
Barnstable County,vap_black,pre_20_dem_bid,0.6378512873017619,0.13991520555379716,0.343246556884234,0.8752069176095222
Barnstable County,vap_black,pre_20_rep_tru,0.36214871269823806,0.13991520555379716,0.12479308239047779,0.656753443115766
Barnstable County,vap_hisp,pre_20_dem_bid,0.5950410648322139,0.1691698740240009,0.21448086626972368,0.8535112588564986
Barnstable County,vap_hisp,pre_20_rep_tru,0.4049589351677861,0.1691698740240009,0.14648874114350133,0.7855191337302762
Barnstable County,vap_oth,pre_20_dem_bid,0.5188508819077218,0.13283194921883545,0.2460316555361915,0.7639386081137589
Barnstable County,vap_oth,pre_20_rep_tru,0.4811491180922783,0.13283194921883545,0.23606139188624103,0.7539683444638086
Barnstable County,vap_white,uss_20_dem_mar,0.6047782521489743,0.011230638003793418,0.5844229140170137,0.6277449554616992
Barnstable County,vap_white,uss_20_rep_oco,0.3952217478510257,0.011230638003793418,0.37225504453830066,0.41557708598298626
Barnstable County,vap_black,uss_20_dem_mar,0.6053799450899563,0.1521320832392043,0.2684252075309349,0.8549633720390767
Barnstable County,vap_black,uss_20_rep_oco,0.39462005491004376,0.1521320832392043,0.14503662796092315,0.731574792469065
Barnstable County,vap_hisp,uss_20_dem_mar,0.6064035578157333,0.15926823295198583,0.2696725509692501,0.8665367869866178
Barnstable County,vap_hisp,uss_20_rep_oco,0.3935964421842666,0.15926823295198583,0.1334632130133821,0.7303274490307499
Barnstable County,vap_oth,uss_20_dem_mar,0.5990245206389734,0.12938525325960806,0.32771405381419383,0.8355720186072962
Barnstable County,vap_oth,uss_20_rep_oco,0.4009754793610267,0.12938525325960806,0.1644279813927038,0.6722859461858062
Berkshire County,vap_white,pre_16_dem_cli,0.7197181511930266,0.009809726956614308,0.7020725785260282,0.7400676997282435
Berkshire County,vap_white,pre_16_rep_tru,0.28028184880697327,0.009809726956614308,0.2599323002717566,0.29792742147397167
Berkshire County,vap_black,pre_16_dem_cli,0.6554730517444762,0.12993729593934183,0.3965431441688455,0.8884193983762616
Berkshire County,vap_black,pre_16_rep_tru,0.3445269482555239,0.12993729593934183,0.1115806016237384,0.6034568558311545
Berkshire County,vap_hisp,pre_16_dem_cli,0.6726928729257684,0.12947003760544817,0.4027153702370104,0.887338728214746
Berkshire County,vap_hisp,pre_16_rep_tru,0.32730712707423165,0.12947003760544817,0.11266127178525401,0.5972846297629897
Berkshire County,vap_oth,pre_16_dem_cli,0.6924979517860547,0.138601685340804,0.3893668244190132,0.902951890990874
Berkshire County,vap_oth,pre_16_rep_tru,0.30750204821394533,0.138601685340804,0.09704810900912611,0.6106331755809867
Berkshire County,vap_white,uss_18_dem_war,0.7459515920412186,0.009133662276229072,0.7284613735112321,0.7642033040148423
Berkshire County,vap_white,uss_18_rep_die,0.25404840795878136,0.009133662276229073,0.23579669598515762,0.2715386264887678
Berkshire County,vap_black,uss_18_dem_war,0.6403931411551228,0.1519103141950071,0.3106161316850186,0.884508572066178
Berkshire County,vap_black,uss_18_rep_die,0.3596068588448773,0.1519103141950071,0.11549142793382206,0.6893838683149814
Berkshire County,vap_hisp,uss_18_dem_war,0.6799963975066629,0.11634894476947134,0.42415254169190403,0.8716100047854183
Berkshire County,vap_hisp,uss_18_rep_die,0.32000360249333715,0.11634894476947134,0.12838999521458178,0.5758474583080959
Berkshire County,vap_oth,uss_18_dem_war,0.6776784267231614,0.12037393462467592,0.4330473222292047,0.879507695486847
Berkshire County,vap_oth,uss_18_rep_die,0.3223215732768387,0.12037393462467592,0.12049230451315279,0.5669526777707949
Berkshire County,vap_white,gov_18_rep_bak,0.5460502374043552,0.010495722762617817,0.5242493254103487,0.5658521420446166
Berkshire County,vap_white,gov_18_dem_gon,0.4539497625956448,0.010495722762617819,0.43414785795538335,0.47575067458965126
Berkshire County,vap_black,gov_18_rep_bak,0.40054701616648003,0.1487713034441045,0.13524627788470023,0.7038268676290443
Berkshire County,vap_black,gov_18_dem_gon,0.5994529838335201,0.1487713034441045,0.2961731323709557,0.8647537221152998
Berkshire County,vap_hisp,gov_18_rep_bak,0.34282985669562693,0.15693076616694723,0.0908991639440586,0.6793095092516049
Berkshire County,vap_hisp,gov_18_dem_gon,0.6571701433043732,0.15693076616694723,0.32069049074839495,0.9091008360559414
Berkshire County,vap_oth,gov_18_rep_bak,0.3386647108364534,0.13114076097644148,0.1216525291256984,0.6109384760853643
Berkshire County,vap_oth,gov_18_dem_gon,0.6613352891635466,0.13114076097644148,0.3890615239146354,0.8783474708743015
Berkshire County,vap_white,atg_18_dem_hea,0.7526131898098561,0.009752683358966866,0.735157678195833,0.7722017099260094
Berkshire County,vap_white,atg_18_rep_mcm,0.24738681019014377,0.009752683358966866,0.22779829007399036,0.26484232180416695
Berkshire County,vap_black,atg_18_dem_hea,0.662829685172368,0.15638396652134767,0.3328188630555259,0.9269476894424615
Berkshire County,vap_black,atg_18_rep_mcm,0.33717031482763216,0.15638396652134767,0.07305231055753841,0.667181136944474
Berkshire County,vap_hisp,atg_18_dem_hea,0.7126112261007386,0.13188781059484614,0.39930943932614904,0.9094360154745338
Berkshire County,vap_hisp,atg_18_rep_mcm,0.28738877389926143,0.13188781059484614,0.09056398452546625,0.6006905606738508
Berkshire County,vap_oth,atg_18_dem_hea,0.6603378619134954,0.13120608284384283,0.38109369464074416,0.8695906549329295
Berkshire County,vap_oth,atg_18_rep_mcm,0.33966213808650464,0.13120608284384283,0.13040934506707047,0.6189063053592558
Berkshire County,vap_white,pre_20_dem_bid,0.7397410935626518,0.009568596831536283,0.7225870283096714,0.7595094279955411
Berkshire County,vap_white,pre_20_rep_tru,0.2602589064373481,0.009568596831536283,0.24049057200445884,0.27741297169032864
Berkshire County,vap_black,pre_20_dem_bid,0.6478677515055408,0.16342433810696103,0.2938669541319394,0.9144296043472715
Berkshire County,vap_black,pre_20_rep_tru,0.3521322484944593,0.16342433810696103,0.08557039565272857,0.7061330458680605
Berkshire County,vap_hisp,pre_20_dem_bid,0.6889087492388725,0.12431996826947017,0.4313204973884006,0.8823572310913075
Berkshire County,vap_hisp,pre_20_rep_tru,0.31109125076112754,0.12431996826947017,0.11764276890869257,0.5686795026115995
Berkshire County,vap_oth,pre_20_dem_bid,0.6872952032866447,0.12591182337708576,0.39647759518754117,0.88933622081476
Berkshire County,vap_oth,pre_20_rep_tru,0.31270479671335527,0.12591182337708576,0.11066377918523988,0.6035224048124588
Berkshire County,vap_white,uss_20_dem_mar,0.7453798420799003,0.009364073141499073,0.7283035727555282,0.7645723147997315
Berkshire County,vap_white,uss_20_rep_oco,0.2546201579200996,0.009364073141499073,0.2354276852002684,0.2716964272444718
Berkshire County,vap_black,uss_20_dem_mar,0.6458524762252225,0.15037823159448865,0.3128575653527778,0.883044457817378
Berkshire County,vap_black,uss_20_rep_oco,0.3541475237747776,0.15037823159448865,0.11695554218262195,0.6871424346472221
Berkshire County,vap_hisp,uss_20_dem_mar,0.7190187462896779,0.11827545249756166,0.4656487733166852,0.9047954030857445
Berkshire County,vap_hisp,uss_20_rep_oco,0.2809812537103221,0.11827545249756166,0.09520459691425578,0.5343512266833148
Berkshire County,vap_oth,uss_20_dem_mar,0.6467888701652118,0.13106524896617558,0.3731810665894505,0.8800854653556277
Berkshire County,vap_oth,uss_20_rep_oco,0.3532111298347882,0.13106524896617558,0.1199145346443723,0.6268189334105495
Bristol County,vap_white,pre_16_dem_cli,0.48659573116358057,0.003801533449146032,0.47983099266289897,0.4946237590068604
Bristol County,vap_white,pre_16_rep_tru,0.5134042688364194,0.003801533449146031,0.5053762409931395,0.5201690073371009
Bristol County,vap_black,pre_16_dem_cli,0.8450783521137222,0.055362817605992896,0.7167597739445881,0.9253460644256469
Bristol County,vap_black,pre_16_rep_tru,0.15492164788627785,0.055362817605992896,0.074653935574353,0.2832402260554119
Bristol County,vap_hisp,pre_16_dem_cli,0.9276435849377945,0.017819183414108427,0.8872320987786988,0.9568763012190495
Bristol County,vap_hisp,pre_16_rep_tru,0.07235641506220555,0.017819183414108427,0.04312369878095051,0.11276790122130136
Bristol County,vap_oth,pre_16_dem_cli,0.9228586976423533,0.024113268809939616,0.8610826728562776,0.9591477536800228
Bristol County,vap_oth,pre_16_rep_tru,0.07714130235764674,0.024113268809939616,0.04085224631997719,0.13891732714372237
Bristol County,vap_white,uss_18_dem_war,0.483692280968625,0.00451868752217911,0.4757398002935625,0.49330498875816126
Bristol County,vap_white,uss_18_rep_die,0.516307719031375,0.0045186875221791085,0.5066950112418387,0.5242601997064374
Bristol County,vap_black,uss_18_dem_war,0.8287876860693222,0.056482703522434174,0.7023091544948884,0.9215944464449007
Bristol County,vap_black,uss_18_rep_die,0.17121231393067785,0.056482703522434174,0.07840555355509925,0.29769084550511166
Bristol County,vap_hisp,uss_18_dem_war,0.922345624670505,0.01917437190203814,0.8815149984377576,0.9556373757213924
Bristol County,vap_hisp,uss_18_rep_die,0.07765437532949507,0.01917437190203814,0.044362624278607744,0.11848500156224245
Bristol County,vap_oth,uss_18_dem_war,0.9131103215642122,0.027510187941575764,0.8469850852398261,0.9541469300201695
Bristol County,vap_oth,uss_18_rep_die,0.0868896784357878,0.027510187941575764,0.04585306997983046,0.15301491476017376
Bristol County,vap_white,gov_18_rep_bak,0.8053364845794696,0.006676425307937125,0.7917441536636797,0.8182711635997895
Bristol County,vap_white,gov_18_dem_gon,0.19466351542053031,0.006676425307937125,0.18172883640021054,0.20825584633632033
Bristol County,vap_black,gov_18_rep_bak,0.4239830113006114,0.13386687153622492,0.18494289618774346,0.679477488850733
Bristol County,vap_black,gov_18_dem_gon,0.5760169886993886,0.13386687153622492,0.3205225111492669,0.8150571038122565
Bristol County,vap_hisp,gov_18_rep_bak,0.14076211181978435,0.03906593488220375,0.07863016640738633,0.22451885191106613
Bristol County,vap_hisp,gov_18_dem_gon,0.8592378881802156,0.03906593488220375,0.7754811480889338,0.9213698335926137
Bristol County,vap_oth,gov_18_rep_bak,0.14031608758798872,0.05529766295033171,0.060053949545212246,0.26655772167055036
Bristol County,vap_oth,gov_18_dem_gon,0.8596839124120113,0.05529766295033171,0.7334422783294496,0.9399460504547879
Bristol County,vap_white,atg_18_dem_hea,0.5680840176536516,0.004685586423954333,0.5593380513472875,0.5777328270520083
Bristol County,vap_white,atg_18_rep_mcm,0.43191598234634837,0.004685586423954333,0.4222671729479916,0.44066194865271235
Bristol County,vap_black,atg_18_dem_hea,0.8225849795963764,0.06449390690297299,0.6608548282796842,0.9144192948019305
Bristol County,vap_black,atg_18_rep_mcm,0.1774150204036235,0.06449390690297299,0.08558070519806951,0.3391451717203156
Bristol County,vap_hisp,atg_18_dem_hea,0.9115143194599864,0.02410101567772038,0.8557731636715786,0.9496021575921453
Bristol County,vap_hisp,atg_18_rep_mcm,0.08848568054001361,0.02410101567772038,0.05039784240785478,0.14422683632842148
Bristol County,vap_oth,atg_18_dem_hea,0.89690738332748,0.03169634364652281,0.8209847293426056,0.9440317389712338
Bristol County,vap_oth,atg_18_rep_mcm,0.10309261667252,0.03169634364652281,0.05596826102876611,0.17901527065739437
Bristol County,vap_white,pre_20_dem_bid,0.5083120287917109,0.007397270983064268,0.49599869247904105,0.5235944425520673
Bristol County,vap_white,pre_20_rep_tru,0.49168797120828905,0.007397270983064269,0.4764055574479325,0.504001307520959
Bristol County,vap_black,pre_20_dem_bid,0.82246817539309,0.06536354030420886,0.6638508806040426,0.9171476935739747
Bristol County,vap_black,pre_20_rep_tru,0.17753182460690997,0.06536354030420886,0.0828523064260252,0.3361491193959574
Bristol County,vap_hisp,pre_20_dem_bid,0.7807570158933371,0.05543867106500949,0.6632807799742256,0.8780447516048008
Bristol County,vap_hisp,pre_20_rep_tru,0.21924298410666296,0.05543867106500949,0.12195524839519929,0.3367192200257744
Bristol County,vap_oth,pre_20_dem_bid,0.8448810835211942,0.06263680310036175,0.6852743307505981,0.9296529358287092
Bristol County,vap_oth,pre_20_rep_tru,0.15511891647880588,0.06263680310036175,0.07034706417129065,0.31472566924940193
Bristol County,vap_white,uss_20_dem_mar,0.5257489768205826,0.005975784615374197,0.5157075153913037,0.539762028258275
Bristol County,vap_white,uss_20_rep_oco,0.4742510231794173,0.0059757846153741965,0.46023797174172487,0.4842924846086963
Bristol County,vap_black,uss_20_dem_mar,0.8088653394812559,0.06324701987697613,0.6742675352195452,0.9139555524174334
Bristol County,vap_black,uss_20_rep_oco,0.191134660518744,0.06324701987697613,0.08604444758256648,0.3257324647804548
Bristol County,vap_hisp,uss_20_dem_mar,0.9054174282819083,0.02734969328925243,0.8414910605048528,0.9473695016771092
Bristol County,vap_hisp,uss_20_rep_oco,0.09458257171809176,0.02734969328925243,0.05263049832289091,0.1585089394951473
Bristol County,vap_oth,uss_20_dem_mar,0.8693999096249238,0.04739074777132065,0.7559362898583296,0.9390796028052651
Bristol County,vap_oth,uss_20_rep_oco,0.13060009037507625,0.04739074777132065,0.06092039719473484,0.24406371014167036
Dukes County,vap_white,pre_16_dem_cli,0.8157738237043219,0.026887731149119982,0.7627427730317288,0.8656780142788902
Dukes County,vap_white,pre_16_rep_tru,0.18422617629567803,0.02688773114911998,0.13432198572110982,0.23725722696827137
Dukes County,vap_black,pre_16_dem_cli,0.4768620867329153,0.186216626771531,0.13102342489244848,0.8377237485165777
Dukes County,vap_black,pre_16_rep_tru,0.5231379132670847,0.186216626771531,0.16227625148342217,0.8689765751075516
Dukes County,vap_hisp,pre_16_dem_cli,0.5153178706330741,0.17968819982338397,0.16178808069454131,0.8455697680744139
Dukes County,vap_hisp,pre_16_rep_tru,0.48468212936692595,0.17968819982338397,0.15443023192558603,0.8382119193054587
Dukes County,vap_oth,pre_16_dem_cli,0.6285157446517033,0.15483476740747001,0.34279323642094717,0.9257838856403224
Dukes County,vap_oth,pre_16_rep_tru,0.37148425534829665,0.15483476740747001,0.07421611435967766,0.6572067635790528
Dukes County,vap_white,uss_18_dem_war,0.8058728070703417,0.02594617976517343,0.7561930824135846,0.8574999774874241
Dukes County,vap_white,uss_18_rep_die,0.19412719292965833,0.02594617976517343,0.14250002251257585,0.24380691758641534
Dukes County,vap_black,uss_18_dem_war,0.472621334412484,0.19163009054860994,0.125089301644551,0.845266771762146
Dukes County,vap_black,uss_18_rep_die,0.527378665587516,0.19163009054860994,0.15473322823785393,0.8749106983554489
Dukes County,vap_hisp,uss_18_dem_war,0.5473397987722525,0.18372861017583791,0.17792549938342486,0.8713002861140307
Dukes County,vap_hisp,uss_18_rep_die,0.45266020122774764,0.18372861017583791,0.1286997138859693,0.822074500616575
Dukes County,vap_oth,uss_18_dem_war,0.6619861807438269,0.14244839278090274,0.3738571297688694,0.9122769175207418
Dukes County,vap_oth,uss_18_rep_die,0.33801381925617324,0.14244839278090274,0.0877230824792581,0.6261428702311307
Dukes County,vap_white,gov_18_rep_bak,0.565451079524907,0.03235426821662978,0.5032677840189312,0.6279359116171196
Dukes County,vap_white,gov_18_dem_gon,0.434548920475093,0.032354268216629775,0.37206408838288035,0.49673221598106876
Dukes County,vap_black,gov_18_rep_bak,0.5053983998755945,0.19334005924699973,0.13598795605992353,0.860528160758646
Dukes County,vap_black,gov_18_dem_gon,0.4946016001244054,0.19334005924699973,0.13947183924135392,0.8640120439400764
Dukes County,vap_hisp,gov_18_rep_bak,0.49472453271807326,0.18472136314674864,0.14672516004703173,0.8479544279644844
Dukes County,vap_hisp,gov_18_dem_gon,0.5052754672819267,0.18472136314674864,0.15204557203551564,0.853274839952968
Dukes County,vap_oth,gov_18_rep_bak,0.4441240241406226,0.1880235672675275,0.09236750807528017,0.8150729250909504
Dukes County,vap_oth,gov_18_dem_gon,0.5558759758593774,0.1880235672675275,0.18492707490904955,0.9076324919247198
Dukes County,vap_white,atg_18_dem_hea,0.8451934618867304,0.024356599335399607,0.7982074866891445,0.8924277895902628
Dukes County,vap_white,atg_18_rep_mcm,0.15480653811326964,0.024356599335399607,0.10757221040973725,0.20179251331085532
Dukes County,vap_black,atg_18_dem_hea,0.4749031382865107,0.18998224852574,0.12870292870012356,0.8603089123531216
Dukes County,vap_black,atg_18_rep_mcm,0.5250968617134892,0.18998224852574,0.13969108764687838,0.8712970712998763
Dukes County,vap_hisp,atg_18_dem_hea,0.5365317903305669,0.18516987200820179,0.16937198239646173,0.8710524896229181
Dukes County,vap_hisp,atg_18_rep_mcm,0.4634682096694332,0.18516987200820179,0.12894751037708194,0.8306280176035381
Dukes County,vap_oth,atg_18_dem_hea,0.662921975589758,0.13397696694570582,0.39401124550995636,0.9101506317016091
Dukes County,vap_oth,atg_18_rep_mcm,0.3370780244102421,0.13397696694570582,0.08984936829839096,0.6059887544900437
Dukes County,vap_white,pre_20_dem_bid,0.8541428919987756,0.02388427994262813,0.8068807662387015,0.8988830901914704
Dukes County,vap_white,pre_20_rep_tru,0.1458571080012245,0.02388427994262813,0.10111690980852973,0.19311923376129858
Dukes County,vap_black,pre_20_dem_bid,0.49071208520065196,0.1983547060685454,0.11387974800787397,0.8515877072426064
Dukes County,vap_black,pre_20_rep_tru,0.509287914799348,0.1983547060685454,0.14841229275739368,0.8861202519921259
Dukes County,vap_hisp,pre_20_dem_bid,0.523745636320966,0.1912624687308983,0.15333902905793323,0.8717805662739957
Dukes County,vap_hisp,pre_20_rep_tru,0.47625436367903395,0.1912624687308983,0.12821943372600392,0.8466609709420667
Dukes County,vap_oth,pre_20_dem_bid,0.6327504142821436,0.13652307851029696,0.3593844083745364,0.8821241356000785
Dukes County,vap_oth,pre_20_rep_tru,0.3672495857178564,0.13652307851029696,0.11787586439992151,0.6406155916254636
Dukes County,vap_white,uss_20_dem_mar,0.8369083650288103,0.02607785749211364,0.7879789795781338,0.8874948119641366
Dukes County,vap_white,uss_20_rep_oco,0.1630916349711898,0.026077857492113637,0.11250518803586328,0.21202102042186619
Dukes County,vap_black,uss_20_dem_mar,0.4924605956064736,0.18492527088706884,0.14816397857817826,0.8472842766506192
Dukes County,vap_black,uss_20_rep_oco,0.5075394043935264,0.18492527088706884,0.15271572334938063,0.8518360214218218
Dukes County,vap_hisp,uss_20_dem_mar,0.506632256485182,0.18909374222002812,0.15024413886679663,0.8611776905725637
Dukes County,vap_hisp,uss_20_rep_oco,0.4933677435148181,0.18909374222002812,0.13882230942743634,0.8497558611332034
Dukes County,vap_oth,uss_20_dem_mar,0.6309335307866409,0.14764165700184378,0.3406884035407063,0.8975341736283372
Dukes County,vap_oth,uss_20_rep_oco,0.36906646921335917,0.14764165700184378,0.10246582637166281,0.6593115964592937
Essex County,vap_white,pre_16_dem_cli,0.568189679721107,0.008319119024354662,0.5518719203763678,0.5841478597318778
Essex County,vap_white,pre_16_rep_tru,0.43181032027889293,0.008319119024354662,0.4158521402681222,0.4481280796236322
Essex County,vap_black,pre_16_dem_cli,0.7498093038979575,0.08999757140219479,0.5831359462269621,0.9074347577271553
Essex County,vap_black,pre_16_rep_tru,0.2501906961020425,0.08999757140219479,0.09256524227284464,0.41686405377303776
Essex County,vap_hisp,pre_16_dem_cli,0.930175623657897,0.010593387192640736,0.9083681466845063,0.9497059877755987
Essex County,vap_hisp,pre_16_rep_tru,0.06982437634210308,0.010593387192640736,0.05029401222440137,0.09163185331549376
Essex County,vap_oth,pre_16_dem_cli,0.5113747026992993,0.0968226907727398,0.30597408502174117,0.6921165603530346
Essex County,vap_oth,pre_16_rep_tru,0.4886252973007007,0.0968226907727398,0.30788343964696546,0.6940259149782587
Essex County,vap_white,uss_18_dem_war,0.5481674007432312,0.009408984613375573,0.5303522894826758,0.5661581432114603
Essex County,vap_white,uss_18_rep_die,0.4518325992567687,0.009408984613375573,0.43384185678853965,0.4696477105173242
Essex County,vap_black,uss_18_dem_war,0.8161034168248491,0.0793403232053242,0.6345985948677704,0.9298795842369342
Essex County,vap_black,uss_18_rep_die,0.18389658317515087,0.0793403232053242,0.07012041576306574,0.3654014051322295
Essex County,vap_hisp,uss_18_dem_war,0.9274651163441869,0.010215218301545665,0.9059055624205178,0.9460995882845518
Essex County,vap_hisp,uss_18_rep_die,0.07253488365581316,0.010215218301545665,0.053900411715448224,0.09409443757948227
Essex County,vap_oth,uss_18_dem_war,0.4591870739604864,0.11410946227611915,0.2397260713624364,0.6736683563140979
Essex County,vap_oth,uss_18_rep_die,0.5408129260395137,0.11410946227611915,0.32633164368590206,0.7602739286375637
Essex County,vap_white,gov_18_rep_bak,0.7737967963906947,0.008430449751648056,0.759250848177453,0.7922793386189586
Essex County,vap_white,gov_18_dem_gon,0.2262032036093053,0.008430449751648056,0.2077206613810413,0.24074915182254703
Essex County,vap_black,gov_18_rep_bak,0.39174238802203726,0.1314730056072253,0.14632538498710182,0.6358058875247523
Essex County,vap_black,gov_18_dem_gon,0.6082576119779627,0.1314730056072253,0.36419411247524747,0.8536746150128982
Essex County,vap_hisp,gov_18_rep_bak,0.4015021491056196,0.016945904038009833,0.3697801168359907,0.436151625409072
Essex County,vap_hisp,gov_18_dem_gon,0.5984978508943805,0.016945904038009833,0.563848374590928,0.6302198831640093
Essex County,vap_oth,gov_18_rep_bak,0.7382248238581924,0.1095429589642721,0.4794139699181408,0.9035232725184194
Essex County,vap_oth,gov_18_dem_gon,0.2617751761418076,0.1095429589642721,0.09647672748158063,0.5205860300818592
Essex County,vap_white,atg_18_dem_hea,0.6606889024175543,0.008364352231533688,0.644512738967483,0.6762755493200486
Essex County,vap_white,atg_18_rep_mcm,0.33931109758244565,0.008364352231533688,0.3237244506799514,0.35548726103251693
Essex County,vap_black,atg_18_dem_hea,0.8832596517274476,0.03468057851064709,0.8084205903985547,0.9392936413430033
Essex County,vap_black,atg_18_rep_mcm,0.1167403482725524,0.03468057851064709,0.06070635865699669,0.1915794096014451
Essex County,vap_hisp,atg_18_dem_hea,0.8969291895309638,0.01090471057430424,0.8744137451636024,0.9182869603492798
Essex County,vap_hisp,atg_18_rep_mcm,0.10307081046903621,0.01090471057430424,0.08171303965072033,0.12558625483639763
Essex County,vap_oth,atg_18_dem_hea,0.508228611897329,0.09693060598091065,0.3325452376277104,0.6938655088911879
Essex County,vap_oth,atg_18_rep_mcm,0.49177138810267107,0.09693060598091065,0.30613449110881213,0.6674547623722896
Essex County,vap_white,pre_20_dem_bid,0.6320341062212534,0.007942096870466663,0.6173340805233714,0.6481704242129771
Essex County,vap_white,pre_20_rep_tru,0.36796589377874656,0.007942096870466663,0.35182957578702295,0.38266591947662854
Essex County,vap_black,pre_20_dem_bid,0.7083959618531084,0.1075567127001319,0.46473446077242475,0.9001322481851018
Essex County,vap_black,pre_20_rep_tru,0.29160403814689156,0.1075567127001319,0.09986775181489811,0.535265539227575
Essex County,vap_hisp,pre_20_dem_bid,0.7988353947036165,0.014193539573564248,0.7721402512392793,0.8272801689536609
Essex County,vap_hisp,pre_20_rep_tru,0.20116460529638347,0.01419353957356425,0.17271983104633912,0.22785974876072068
Essex County,vap_oth,pre_20_dem_bid,0.5317549051546743,0.09718449115937307,0.33914829069200675,0.7171218701092865
Essex County,vap_oth,pre_20_rep_tru,0.46824509484532584,0.09718449115937307,0.2828781298907136,0.6608517093079932
Essex County,vap_white,uss_20_dem_mar,0.6170160507339955,0.008452482482379193,0.6021244803604623,0.6351501521679653
Essex County,vap_white,uss_20_rep_oco,0.38298394926600454,0.008452482482379193,0.3648498478320347,0.39787551963953777
Essex County,vap_black,uss_20_dem_mar,0.8109495164719838,0.07183596024727065,0.649647257671039,0.9133085985339852
Essex County,vap_black,uss_20_rep_oco,0.18905048352801615,0.07183596024727065,0.08669140146601478,0.350352742328961
Essex County,vap_hisp,uss_20_dem_mar,0.8512141261437615,0.013199750856347293,0.8256409974403033,0.8765571541513418
Essex County,vap_hisp,uss_20_rep_oco,0.14878587385623862,0.013199750856347293,0.12344284584865822,0.17435900255969675
Essex County,vap_oth,uss_20_dem_mar,0.6208850165287892,0.10297216054418017,0.39243469002659076,0.7908163864068142
Essex County,vap_oth,uss_20_rep_oco,0.3791149834712108,0.10297216054418017,0.20918361359318588,0.6075653099734092
Franklin County,vap_white,pre_16_dem_cli,0.7141158326720571,0.013268848058546215,0.6898063053332307,0.7412900123540324
Franklin County,vap_white,pre_16_rep_tru,0.28588416732794275,0.013268848058546215,0.2587099876459676,0.3101936946667692
Franklin County,vap_black,pre_16_dem_cli,0.5156775238916436,0.16279513934962622,0.21387236580648852,0.8220851947494024
Franklin County,vap_black,pre_16_rep_tru,0.4843224761083565,0.16279513934962622,0.1779148052505974,0.7861276341935115
Franklin County,vap_hisp,pre_16_dem_cli,0.5021521886702022,0.1480927624111909,0.22024217869285945,0.786430932534832
Franklin County,vap_hisp,pre_16_rep_tru,0.4978478113297978,0.1480927624111909,0.21356906746516788,0.7797578213071407
Franklin County,vap_oth,pre_16_dem_cli,0.5334636311311856,0.18138636261017788,0.15356333925357654,0.8406668088136411
Franklin County,vap_oth,pre_16_rep_tru,0.46653636886881444,0.18138636261017788,0.15933319118635894,0.8464366607464231
Franklin County,vap_white,uss_18_dem_war,0.7351793744474502,0.01354027276426426,0.7087482920591394,0.7622320016982954
Franklin County,vap_white,uss_18_rep_die,0.26482062555254976,0.01354027276426426,0.2377679983017044,0.2912517079408606
Franklin County,vap_black,uss_18_dem_war,0.4860787717443614,0.16362640202457332,0.1805360618960989,0.7959909427977769
Franklin County,vap_black,uss_18_rep_die,0.5139212282556386,0.16362640202457332,0.2040090572022231,0.8194639381039012
Franklin County,vap_hisp,uss_18_dem_war,0.5272853837767062,0.16521602247231565,0.20425712284492592,0.8553940809196028
Franklin County,vap_hisp,uss_18_rep_die,0.4727146162232938,0.16521602247231565,0.14460591908039722,0.795742877155074
Franklin County,vap_oth,uss_18_dem_war,0.5771712347469251,0.1741639397068914,0.20609820791047195,0.8626059345151467
Franklin County,vap_oth,uss_18_rep_die,0.4228287652530749,0.1741639397068914,0.13739406548485344,0.793901792089528
Franklin County,vap_white,gov_18_rep_bak,0.5770061169482008,0.013564593437557122,0.5497609078572451,0.6020674602552267
Franklin County,vap_white,gov_18_dem_gon,0.42299388305179914,0.013564593437557122,0.39793253974477316,0.45023909214275487
Franklin County,vap_black,gov_18_rep_bak,0.4731656053118832,0.1672721675815322,0.16736575429846792,0.7882056609121693
Franklin County,vap_black,gov_18_dem_gon,0.5268343946881169,0.1672721675815322,0.21179433908783055,0.832634245701532
Franklin County,vap_hisp,gov_18_rep_bak,0.45109627509432165,0.18919127693832918,0.10538611636273691,0.8053556746904161
Franklin County,vap_hisp,gov_18_dem_gon,0.5489037249056783,0.18919127693832918,0.1946443253095838,0.894613883637263
Franklin County,vap_oth,gov_18_rep_bak,0.4175313756527303,0.14902354749705085,0.15501746629229843,0.7206417771463947
Franklin County,vap_oth,gov_18_dem_gon,0.5824686243472696,0.14902354749705085,0.27935822285360545,0.8449825337077014
Franklin County,vap_white,atg_18_dem_hea,0.7715438277751961,0.013014150133781613,0.7459663447748407,0.7956326599616275
Franklin County,vap_white,atg_18_rep_mcm,0.2284561722248038,0.013014150133781613,0.20436734003837234,0.25403365522515925
Franklin County,vap_black,atg_18_dem_hea,0.48887282835404017,0.17404830186832732,0.1689573089058251,0.8293731710126326
Franklin County,vap_black,atg_18_rep_mcm,0.5111271716459598,0.17404830186832732,0.1706268289873673,0.8310426910941748
Franklin County,vap_hisp,atg_18_dem_hea,0.5326522006606739,0.1591505934904857,0.20218017085715828,0.8127999042564052
Franklin County,vap_hisp,atg_18_rep_mcm,0.46734779933932613,0.1591505934904857,0.18720009574359472,0.7978198291428416
Franklin County,vap_oth,atg_18_dem_hea,0.5081764553942927,0.1693007983942051,0.18922086403468763,0.8096408804718273
Franklin County,vap_oth,atg_18_rep_mcm,0.4918235446057073,0.1693007983942051,0.1903591195281727,0.8107791359653124
Franklin County,vap_white,pre_20_dem_bid,0.7430105098320732,0.012656948740296794,0.7175534675197792,0.7680809896761212
Franklin County,vap_white,pre_20_rep_tru,0.25698949016792666,0.012656948740296794,0.23191901032387874,0.2824465324802208
Franklin County,vap_black,pre_20_dem_bid,0.49653884672405585,0.16287963058108937,0.19463221077991266,0.8163148558992082
Franklin County,vap_black,pre_20_rep_tru,0.5034611532759441,0.16287963058108937,0.18368514410079173,0.8053677892200874
Franklin County,vap_hisp,pre_20_dem_bid,0.5282669809618602,0.16901642901580854,0.2029543132851939,0.8226563248114185
Franklin County,vap_hisp,pre_20_rep_tru,0.4717330190381398,0.16901642901580854,0.17734367518858118,0.7970456867148058
Franklin County,vap_oth,pre_20_dem_bid,0.5231570064821228,0.15704003746738468,0.23438853424242564,0.8208413871121449
Franklin County,vap_oth,pre_20_rep_tru,0.4768429935178771,0.15704003746738468,0.1791586128878551,0.7656114657575743
Franklin County,vap_white,uss_20_dem_mar,0.7389950118911393,0.01262124875853992,0.7159599791879839,0.7645614990789348
Franklin County,vap_white,uss_20_rep_oco,0.26100498810886064,0.012621248758539922,0.235438500921065,0.28404002081201596
Franklin County,vap_black,uss_20_dem_mar,0.5274615054569205,0.16822439361569438,0.2180097996154666,0.8475960356969634
Franklin County,vap_black,uss_20_rep_oco,0.4725384945430795,0.16822439361569438,0.15240396430303652,0.7819902003845335
Franklin County,vap_hisp,uss_20_dem_mar,0.527666405954742,0.17235352732873382,0.18506905980999555,0.842076481691764
Franklin County,vap_hisp,uss_20_rep_oco,0.47233359404525793,0.17235352732873382,0.15792351830823584,0.8149309401900043
Franklin County,vap_oth,uss_20_dem_mar,0.5263594288928013,0.15865697338722523,0.21903525947300057,0.8133044603165727
Franklin County,vap_oth,uss_20_rep_oco,0.47364057110719865,0.15865697338722523,0.18669553968342725,0.7809647405269993
Hampden County,vap_white,pre_16_dem_cli,0.42677716241935293,0.004615053827878502,0.418350103877218,0.4360223832310144
Hampden County,vap_white,pre_16_rep_tru,0.5732228375806471,0.004615053827878503,0.5639776167689856,0.5816498961227821
Hampden County,vap_black,pre_16_dem_cli,0.955634199205719,0.012688726828490435,0.9275108793844555,0.9768209812439134
Hampden County,vap_black,pre_16_rep_tru,0.044365800794281034,0.012688726828490435,0.023179018756086574,0.07248912061554438
Hampden County,vap_hisp,pre_16_dem_cli,0.9732730310368161,0.00580020512450967,0.9603339034882207,0.9829873271422641
Hampden County,vap_hisp,pre_16_rep_tru,0.026726968963183884,0.005800205124509671,0.01701267285773588,0.03966609651177923
Hampden County,vap_oth,pre_16_dem_cli,0.8699905356091091,0.03981372036981829,0.7843003291520579,0.9333797512005844
Hampden County,vap_oth,pre_16_rep_tru,0.13000946439089092,0.039813720369818284,0.06662024879941573,0.21569967084794195
Hampden County,vap_white,uss_18_dem_war,0.4422336143095786,0.006006006460851807,0.4317286499824855,0.4552543975994783
Hampden County,vap_white,uss_18_rep_die,0.5577663856904215,0.006006006460851807,0.5447456024005217,0.5682713500175145
Hampden County,vap_black,uss_18_dem_war,0.9554683370431717,0.011480991051175905,0.9295191999053604,0.9752899820240234
Hampden County,vap_black,uss_18_rep_die,0.044531662956828304,0.011480991051175905,0.024710017975976686,0.07048080009463972
Hampden County,vap_hisp,uss_18_dem_war,0.9685578167455596,0.005604921678711589,0.9563960447793057,0.9786219744040165
Hampden County,vap_hisp,uss_18_rep_die,0.03144218325444031,0.00560492167871159,0.021378025595983268,0.04360395522069425
Hampden County,vap_oth,uss_18_dem_war,0.8189933379870173,0.05768361664569014,0.6847792895777639,0.912272409876597
Hampden County,vap_oth,uss_18_rep_die,0.18100666201298263,0.05768361664569013,0.08772759012340306,0.31522071042223615
Hampden County,vap_white,gov_18_rep_bak,0.8589704289494385,0.008494701271833136,0.8398460390110308,0.8733191180258194
Hampden County,vap_white,gov_18_dem_gon,0.1410295710505615,0.008494701271833138,0.12668088197418056,0.16015396098896922
Hampden County,vap_black,gov_18_rep_bak,0.5374178400945915,0.07190078812519231,0.3913103154308868,0.6726488144538455
Hampden County,vap_black,gov_18_dem_gon,0.4625821599054085,0.07190078812519231,0.32735118554615455,0.6086896845691132
Hampden County,vap_hisp,gov_18_rep_bak,0.30331225833061576,0.025356542590287745,0.25429492994956177,0.35393402946958347
Hampden County,vap_hisp,gov_18_dem_gon,0.6966877416693842,0.025356542590287745,0.6460659705304165,0.7457050700504382
Hampden County,vap_oth,gov_18_rep_bak,0.2700872618500142,0.11132889841122906,0.10477817189326552,0.5274243617198151
Hampden County,vap_oth,gov_18_dem_gon,0.7299127381499858,0.11132889841122906,0.4725756382801846,0.8952218281067345
Hampden County,vap_white,atg_18_dem_hea,0.5385327865533168,0.006757559576460817,0.5263269337551432,0.552636628374809
Hampden County,vap_white,atg_18_rep_mcm,0.46146721344668323,0.006757559576460817,0.44736337162519113,0.4736730662448569
Hampden County,vap_black,atg_18_dem_hea,0.9386984175981712,0.017945732913660067,0.8977916528236923,0.9661602380467048
Hampden County,vap_black,atg_18_rep_mcm,0.06130158240182888,0.017945732913660067,0.033839761953295265,0.10220834717630772
Hampden County,vap_hisp,atg_18_dem_hea,0.9477147172830469,0.009287475449450676,0.9278323553486783,0.9637775655181948
Hampden County,vap_hisp,atg_18_rep_mcm,0.05228528271695298,0.009287475449450676,0.03622243448180519,0.07216764465132156
Hampden County,vap_oth,atg_18_dem_hea,0.7525002673463878,0.07669689690609875,0.6024748274671541,0.8916502770163235
Hampden County,vap_oth,atg_18_rep_mcm,0.24749973265361228,0.07669689690609875,0.10834972298367639,0.39752517253284597
Hampden County,vap_white,pre_20_dem_bid,0.4841332861115417,0.008332480817419202,0.4700342238296288,0.5019574039584008
Hampden County,vap_white,pre_20_rep_tru,0.5158667138884583,0.008332480817419202,0.49804259604159923,0.5299657761703712
Hampden County,vap_black,pre_20_dem_bid,0.9191229567824442,0.026297824286912158,0.8604439781939326,0.957576492367639
Hampden County,vap_black,pre_20_rep_tru,0.08087704321755583,0.026297824286912158,0.042423507632361,0.13955602180606755
Hampden County,vap_hisp,pre_20_dem_bid,0.849510320499631,0.01797546738167828,0.8187115197462443,0.8946782450270204
Hampden County,vap_hisp,pre_20_rep_tru,0.15048967950036893,0.01797546738167828,0.1053217549729795,0.1812884802537557
Hampden County,vap_oth,pre_20_dem_bid,0.7412585227852825,0.09959495105534315,0.5267817475118861,0.899280510028656
Hampden County,vap_oth,pre_20_rep_tru,0.25874147721471746,0.09959495105534315,0.10071948997134397,0.4732182524881139
Hampden County,vap_white,uss_20_dem_mar,0.48383712051059036,0.007981803761884777,0.46825683417438074,0.5003399348846859
Hampden County,vap_white,uss_20_rep_oco,0.5161628794894096,0.007981803761884777,0.4996600651153141,0.5317431658256193
Hampden County,vap_black,uss_20_dem_mar,0.9324005020106536,0.01830646761486822,0.8887164481373325,0.9619044827635328
Hampden County,vap_black,uss_20_rep_oco,0.06759949798934642,0.01830646761486822,0.03809551723646724,0.11128355186266735
Hampden County,vap_hisp,uss_20_dem_mar,0.8643164009172388,0.014577443582123534,0.8358581023304791,0.893665633199171
Hampden County,vap_hisp,uss_20_rep_oco,0.1356835990827611,0.014577443582123534,0.10633436680082882,0.1641418976695208
Hampden County,vap_oth,uss_20_dem_mar,0.7021450562384582,0.09908915011175846,0.4885019179861341,0.8800814609399465
Hampden County,vap_oth,uss_20_rep_oco,0.2978549437615417,0.09908915011175846,0.11991853906005341,0.5114980820138658
Hampshire County,vap_white,pre_16_dem_cli,0.7147617888767376,0.007726103593876678,0.7006085428566025,0.7299846651555651
Hampshire County,vap_white,pre_16_rep_tru,0.2852382111232625,0.007726103593876677,0.2700153348444349,0.29939145714339765
Hampshire County,vap_black,pre_16_dem_cli,0.7033773077628742,0.12183979956119535,0.4645432339528916,0.9108199939394782
Hampshire County,vap_black,pre_16_rep_tru,0.29662269223712573,0.12183979956119535,0.08918000606052179,0.5354567660471082
Hampshire County,vap_hisp,pre_16_dem_cli,0.7726104542846238,0.09103922053336672,0.5890645404626335,0.9201392669141585
Hampshire County,vap_hisp,pre_16_rep_tru,0.2273895457153761,0.09103922053336672,0.07986073308584149,0.41093545953736643
Hampshire County,vap_oth,pre_16_dem_cli,0.8898407587535736,0.04497424858456348,0.7822307170126135,0.9536043849913591
Hampshire County,vap_oth,pre_16_rep_tru,0.11015924124642631,0.04497424858456348,0.04639561500864076,0.21776928298738632
Hampshire County,vap_white,uss_18_dem_war,0.7351803844015701,0.007687302474703884,0.7198717298424222,0.7505608485367371
Hampshire County,vap_white,uss_18_rep_die,0.26481961559843,0.007687302474703883,0.24943915146326287,0.28012827015757774
Hampshire County,vap_black,uss_18_dem_war,0.70531913177909,0.1315136871743525,0.4083864594179089,0.9132261678617518
Hampshire County,vap_black,uss_18_rep_die,0.29468086822090994,0.1315136871743525,0.08677383213824824,0.5916135405820911
Hampshire County,vap_hisp,uss_18_dem_war,0.7629913024536233,0.09547476157898135,0.5526935392345309,0.9150936788896977
Hampshire County,vap_hisp,uss_18_rep_die,0.23700869754637663,0.09547476157898135,0.08490632111030214,0.44730646076546904
Hampshire County,vap_oth,uss_18_dem_war,0.902719094656026,0.03764398891667164,0.8169147279769358,0.9601465790320358
Hampshire County,vap_oth,uss_18_rep_die,0.09728090534397392,0.03764398891667164,0.039853420967964195,0.18308527202306407
Hampshire County,vap_white,gov_18_rep_bak,0.5583548890295591,0.014664036365438218,0.5257377064835477,0.5835538858550058
Hampshire County,vap_white,gov_18_dem_gon,0.44164511097044096,0.014664036365438216,0.4164461141449941,0.4742622935164522
Hampshire County,vap_black,gov_18_rep_bak,0.36071156704184193,0.14824130738129085,0.1189984769597624,0.6783133951353065
Hampshire County,vap_black,gov_18_dem_gon,0.6392884329581581,0.14824130738129085,0.3216866048646933,0.8810015230402377
Hampshire County,vap_hisp,gov_18_rep_bak,0.363807252092953,0.1384157230783532,0.13596143995826165,0.6412748259131112
Hampshire County,vap_hisp,gov_18_dem_gon,0.6361927479070469,0.1384157230783532,0.35872517408688886,0.8640385600417382
Hampshire County,vap_oth,gov_18_rep_bak,0.20118566827256357,0.08991947500748351,0.07491959425724633,0.4152736670426242
Hampshire County,vap_oth,gov_18_dem_gon,0.7988143317274363,0.0899194750074835,0.5847263329573755,0.9250804057427537
Hampshire County,vap_white,atg_18_dem_hea,0.7722752576676134,0.006582074518316992,0.7603355241533931,0.7865928006757521
Hampshire County,vap_white,atg_18_rep_mcm,0.22772474233238668,0.006582074518316992,0.21340719932424795,0.2396644758466071
Hampshire County,vap_black,atg_18_dem_hea,0.733730898721691,0.10986297114883162,0.4711106130002351,0.8931828738827058
Hampshire County,vap_black,atg_18_rep_mcm,0.26626910127830905,0.10986297114883162,0.10681712611729402,0.5288893869997648
Hampshire County,vap_hisp,atg_18_dem_hea,0.8157614458297658,0.07238725641685044,0.6514890096442504,0.9268640088147405
Hampshire County,vap_hisp,atg_18_rep_mcm,0.18423855417023408,0.07238725641685044,0.07313599118525935,0.3485109903557495
Hampshire County,vap_oth,atg_18_dem_hea,0.8995506328793119,0.03378287414150152,0.8233149428261805,0.9537796737084299
Hampshire County,vap_oth,atg_18_rep_mcm,0.10044936712068796,0.03378287414150152,0.046220326291569996,0.17668505717381958
Hampshire County,vap_white,pre_20_dem_bid,0.7492513402810806,0.00669138620169884,0.7372618655312393,0.7633134243779521
Hampshire County,vap_white,pre_20_rep_tru,0.2507486597189194,0.006691386201698839,0.23668657562204798,0.2627381344687607
Hampshire County,vap_black,pre_20_dem_bid,0.700294644593517,0.12474414636819037,0.43019052545553627,0.9019213593257137
Hampshire County,vap_black,pre_20_rep_tru,0.299705355406483,0.12474414636819037,0.09807864067428623,0.5698094745444637
Hampshire County,vap_hisp,pre_20_dem_bid,0.7823924399052317,0.0806969863454814,0.5960392959371991,0.9030663915378739
Hampshire County,vap_hisp,pre_20_rep_tru,0.2176075600947683,0.0806969863454814,0.09693360846212616,0.40396070406280077
Hampshire County,vap_oth,pre_20_dem_bid,0.9091000814643657,0.03601364752777752,0.8151602861631707,0.9617264959294427
Hampshire County,vap_oth,pre_20_rep_tru,0.09089991853563421,0.03601364752777752,0.038273504070557095,0.184839713836829
Hampshire County,vap_white,uss_20_dem_mar,0.743189983866099,0.00715208548325478,0.7294394772431568,0.7571202345287976
Hampshire County,vap_white,uss_20_rep_oco,0.25681001613390103,0.00715208548325478,0.2428797654712024,0.2705605227568432
Hampshire County,vap_black,uss_20_dem_mar,0.7029130131479783,0.11823665913690119,0.4224019928307987,0.8899657130886437
Hampshire County,vap_black,uss_20_rep_oco,0.2970869868520217,0.11823665913690119,0.11003428691135611,0.5775980071692011
Hampshire County,vap_hisp,uss_20_dem_mar,0.7845682425018597,0.08565157727157177,0.5916108744230911,0.9129508350951889
Hampshire County,vap_hisp,uss_20_rep_oco,0.21543175749814023,0.08565157727157177,0.08704916490481097,0.4083891255769087
Hampshire County,vap_oth,uss_20_dem_mar,0.9080201915183361,0.0383297618925558,0.81344408480553,0.9640913373617586
Hampshire County,vap_oth,uss_20_rep_oco,0.09197980848166377,0.0383297618925558,0.03590866263824132,0.18655591519446996
Middlesex County,vap_white,pre_16_dem_cli,0.637298422163805,0.0053604910973896885,0.6259334577125824,0.6475000245703739
Middlesex County,vap_white,pre_16_rep_tru,0.3627015778361951,0.0053604910973896885,0.35249997542962613,0.3740665422874177
Middlesex County,vap_black,pre_16_dem_cli,0.8581019050720958,0.035733967965119524,0.7830827821763194,0.9191150860332358
Middlesex County,vap_black,pre_16_rep_tru,0.1418980949279041,0.035733967965119524,0.0808849139667642,0.21691721782368056
Middlesex County,vap_hisp,pre_16_dem_cli,0.8195993574948355,0.042250236539309115,0.7270067029219106,0.8953350648442455
Middlesex County,vap_hisp,pre_16_rep_tru,0.18040064250516447,0.042250236539309115,0.10466493515575444,0.2729932970780893
Middlesex County,vap_oth,pre_16_dem_cli,0.9174538633609232,0.01758864867279022,0.8815583170160743,0.948863171042577
Middlesex County,vap_oth,pre_16_rep_tru,0.0825461366390769,0.01758864867279022,0.051136828957423136,0.11844168298392553
Middlesex County,vap_white,uss_18_dem_war,0.6060714383000625,0.005023955848620179,0.5962314385879373,0.6160027753818191
Middlesex County,vap_white,uss_18_rep_die,0.39392856169993756,0.005023955848620179,0.38399722461818087,0.4037685614120628
Middlesex County,vap_black,uss_18_dem_war,0.8926839180420184,0.030285146627163424,0.8220683512669767,0.9399781074978713
Middlesex County,vap_black,uss_18_rep_die,0.1073160819579816,0.030285146627163424,0.06002189250212876,0.17793164873302333
Middlesex County,vap_hisp,uss_18_dem_war,0.841365002974119,0.03715038254235132,0.7601239794315173,0.9086769673261519
Middlesex County,vap_hisp,uss_18_rep_die,0.158634997025881,0.03715038254235132,0.09132303267384809,0.23987602056848262
Middlesex County,vap_oth,uss_18_dem_war,0.9181969334997055,0.014928387362095478,0.8878681960366508,0.9425077480038779
Middlesex County,vap_oth,uss_18_rep_die,0.08180306650029445,0.014928387362095478,0.05749225199612203,0.11213180396334914
Middlesex County,vap_white,gov_18_rep_bak,0.7257264694042004,0.007334178128552013,0.7110222729889418,0.7393848355902911
Middlesex County,vap_white,gov_18_dem_gon,0.27427353059579973,0.007334178128552012,0.260615164409709,0.2889777270110583
Middlesex County,vap_black,gov_18_rep_bak,0.25917183147693773,0.08445981417646951,0.13328146178625364,0.4736162408824645
Middlesex County,vap_black,gov_18_dem_gon,0.7408281685230622,0.08445981417646951,0.5263837591175355,0.8667185382137462
Middlesex County,vap_hisp,gov_18_rep_bak,0.6044002126074453,0.07022223698518917,0.47339006210784074,0.737789422422422
Middlesex County,vap_hisp,gov_18_dem_gon,0.39559978739255475,0.07022223698518917,0.2622105775775779,0.5266099378921593
Middlesex County,vap_oth,gov_18_rep_bak,0.28562051461102833,0.041088363579037945,0.21560296095228607,0.36808947380661416
Middlesex County,vap_oth,gov_18_dem_gon,0.7143794853889718,0.041088363579037945,0.6319105261933858,0.784397039047714
Middlesex County,vap_white,atg_18_dem_hea,0.7038823542494043,0.00453524967643256,0.6955445421379255,0.7129736688578292
Middlesex County,vap_white,atg_18_rep_mcm,0.2961176457505958,0.00453524967643256,0.28702633114217085,0.3044554578620746
Middlesex County,vap_black,atg_18_dem_hea,0.8933509207442313,0.028495045661228815,0.8298077877647627,0.9395771675157027
Middlesex County,vap_black,atg_18_rep_mcm,0.10664907925576872,0.028495045661228815,0.06042283248429713,0.17019221223523723
Middlesex County,vap_hisp,atg_18_dem_hea,0.8367800617862772,0.03555355603722522,0.7602675043511247,0.8999391873290173
Middlesex County,vap_hisp,atg_18_rep_mcm,0.16321993821372283,0.03555355603722522,0.10006081267098264,0.23973249564887542
Middlesex County,vap_oth,atg_18_dem_hea,0.9043673164915002,0.01723491620758659,0.8709984926201522,0.9369776301693571
Middlesex County,vap_oth,atg_18_rep_mcm,0.09563268350849985,0.01723491620758659,0.06302236983064297,0.12900150737984778
Middlesex County,vap_white,pre_20_dem_bid,0.6920602709612885,0.005153088239502966,0.6819193039677236,0.7024103633288376
Middlesex County,vap_white,pre_20_rep_tru,0.3079397290387115,0.005153088239502966,0.29758963667116256,0.31808069603227646
Middlesex County,vap_black,pre_20_dem_bid,0.8441940992996125,0.04620712664604016,0.7451574550222999,0.9214510897401141
Middlesex County,vap_black,pre_20_rep_tru,0.15580590070038744,0.04620712664604016,0.07854891025988582,0.25484254497770004
Middlesex County,vap_hisp,pre_20_dem_bid,0.7297363969995843,0.043964711493964755,0.643852924311393,0.8202400214552237
Middlesex County,vap_hisp,pre_20_rep_tru,0.2702636030004158,0.043964711493964755,0.17975997854477618,0.3561470756886071
Middlesex County,vap_oth,pre_20_dem_bid,0.8924988170780666,0.021420540033895305,0.8472179742807306,0.9282093830953303
Middlesex County,vap_oth,pre_20_rep_tru,0.10750118292193352,0.021420540033895305,0.07179061690466984,0.15278202571926955
Middlesex County,vap_white,uss_20_dem_mar,0.668198226265289,0.004885459481184036,0.6592396755664149,0.6776590278141614
Middlesex County,vap_white,uss_20_rep_oco,0.3318017737347111,0.004885459481184036,0.32234097218583874,0.34076032443358517
Middlesex County,vap_black,uss_20_dem_mar,0.9022015975127533,0.025358646322100237,0.8381145053067935,0.9429223427554877
Middlesex County,vap_black,uss_20_rep_oco,0.09779840248724665,0.025358646322100234,0.05707765724451226,0.16188549469320648
Middlesex County,vap_hisp,uss_20_dem_mar,0.8128882949277414,0.03649658168363901,0.7295729839981948,0.8786370023851167
Middlesex County,vap_hisp,uss_20_rep_oco,0.18711170507225858,0.03649658168363901,0.12136299761488337,0.27042701600180524
Middlesex County,vap_oth,uss_20_dem_mar,0.9140984092520065,0.017903760140887057,0.8735696564974317,0.9429096294622868
Middlesex County,vap_oth,uss_20_rep_oco,0.08590159074799353,0.017903760140887057,0.057090370537713174,0.1264303435025684
Norfolk County,vap_white,pre_16_dem_cli,0.5758385298446552,0.007714432245838671,0.561274115617649,0.5911896608105257
Norfolk County,vap_white,pre_16_rep_tru,0.4241614701553448,0.007714432245838671,0.40881033918947435,0.43872588438235094
Norfolk County,vap_black,pre_16_dem_cli,0.860527497527121,0.03507988947292352,0.786256913337493,0.9211604079179282
Norfolk County,vap_black,pre_16_rep_tru,0.13947250247287898,0.03507988947292352,0.07883959208207189,0.21374308666250688
Norfolk County,vap_hisp,pre_16_dem_cli,0.8081839458252278,0.0627046244685633,0.6777267643281858,0.9122677634480814
Norfolk County,vap_hisp,pre_16_rep_tru,0.19181605417477232,0.0627046244685633,0.08773223655191864,0.3222732356718142
Norfolk County,vap_oth,pre_16_dem_cli,0.8714709155591251,0.031183936692805392,0.804904086649301,0.924131807614511
Norfolk County,vap_oth,pre_16_rep_tru,0.12852908444087488,0.031183936692805392,0.07586819238548895,0.19509591335069887
Norfolk County,vap_white,uss_18_dem_war,0.5164164611175821,0.007890310000470371,0.5009187626647146,0.5311421966239188
Norfolk County,vap_white,uss_18_rep_die,0.4835835388824179,0.007890310000470371,0.4688578033760812,0.4990812373352854
Norfolk County,vap_black,uss_18_dem_war,0.8727385571524802,0.03527413087619663,0.8005606841613641,0.9366776309652033
Norfolk County,vap_black,uss_18_rep_die,0.12726144284751986,0.03527413087619663,0.06332236903479659,0.19943931583863592
Norfolk County,vap_hisp,uss_18_dem_war,0.8129218064947953,0.07295933469422378,0.6454333565756024,0.9195407742905577
Norfolk County,vap_hisp,uss_18_rep_die,0.18707819350520477,0.07295933469422378,0.08045922570944243,0.35456664342439753
Norfolk County,vap_oth,uss_18_dem_war,0.8738233734992918,0.030341966923398803,0.8091270747877656,0.9241605038156928
Norfolk County,vap_oth,uss_18_rep_die,0.12617662650070818,0.030341966923398803,0.07583949618430721,0.19087292521223437
Norfolk County,vap_white,gov_18_rep_bak,0.800515238802395,0.00835865931053484,0.7843020727958907,0.8170194424494627
Norfolk County,vap_white,gov_18_dem_gon,0.19948476119760505,0.008358659310534842,0.18298055755053724,0.21569792720410924
Norfolk County,vap_black,gov_18_rep_bak,0.522058399063336,0.05223301932624885,0.4164427371672678,0.6242768343878352
Norfolk County,vap_black,gov_18_dem_gon,0.47794160093666405,0.05223301932624885,0.37572316561216484,0.5835572628327321
Norfolk County,vap_hisp,gov_18_rep_bak,0.2728664867267075,0.09990153327469396,0.11931369110241555,0.5047575256968934
Norfolk County,vap_hisp,gov_18_dem_gon,0.7271335132732926,0.09990153327469396,0.49524247430310664,0.8806863088975845
Norfolk County,vap_oth,gov_18_rep_bak,0.34952677452134195,0.04000682697563711,0.26546900733780887,0.4257260316267744
Norfolk County,vap_oth,gov_18_dem_gon,0.650473225478658,0.04000682697563711,0.5742739683732256,0.7345309926621911
Norfolk County,vap_white,atg_18_dem_hea,0.6494069093695691,0.006745508882633839,0.6371699219593328,0.6629896141693216
Norfolk County,vap_white,atg_18_rep_mcm,0.3505930906304308,0.006745508882633838,0.3370103858306784,0.36283007804066725
Norfolk County,vap_black,atg_18_dem_hea,0.8900296605416977,0.03363180799567709,0.8223843268911465,0.9476127146446979
Norfolk County,vap_black,atg_18_rep_mcm,0.10997033945830227,0.03363180799567709,0.05238728535530211,0.17761567310885354
Norfolk County,vap_hisp,atg_18_dem_hea,0.7905020562787718,0.06525343586788333,0.6492266786596426,0.8945998496987551
Norfolk County,vap_hisp,atg_18_rep_mcm,0.20949794372122824,0.06525343586788333,0.10540015030124483,0.35077332134035755
Norfolk County,vap_oth,atg_18_dem_hea,0.9035144767844567,0.026746749514341844,0.8407977206657143,0.9457445788495507
Norfolk County,vap_oth,atg_18_rep_mcm,0.09648552321554331,0.026746749514341844,0.054255421150449346,0.15920227933428568
Norfolk County,vap_white,pre_20_dem_bid,0.6260353857412023,0.008090637620675122,0.6117422255188143,0.6426077954229181
Norfolk County,vap_white,pre_20_rep_tru,0.3739646142587976,0.008090637620675122,0.35739220457708193,0.3882577744811858
Norfolk County,vap_black,pre_20_dem_bid,0.8478142447721847,0.04099217699508429,0.7633803720099734,0.9202616626847477
Norfolk County,vap_black,pre_20_rep_tru,0.15218575522781533,0.04099217699508429,0.07973833731525226,0.23661962799002648
Norfolk County,vap_hisp,pre_20_dem_bid,0.7713205223488555,0.08358974613713245,0.5847632405176048,0.9022175884619293
Norfolk County,vap_hisp,pre_20_rep_tru,0.2286794776511446,0.08358974613713245,0.0977824115380706,0.41523675948239525
Norfolk County,vap_oth,pre_20_dem_bid,0.8859763411979106,0.029813754367593218,0.8209211942282608,0.9355748646418386
Norfolk County,vap_oth,pre_20_rep_tru,0.11402365880208948,0.029813754367593218,0.06442513535816136,0.1790788057717392
Norfolk County,vap_white,uss_20_dem_mar,0.5924761676143125,0.00564087770888638,0.5801910420248768,0.6029341226160404
Norfolk County,vap_white,uss_20_rep_oco,0.40752383238568746,0.005640877708886379,0.39706587738395965,0.41980895797512313
Norfolk County,vap_black,uss_20_dem_mar,0.8926456260047355,0.02964568008633095,0.8245320689944823,0.9453268190097392
Norfolk County,vap_black,uss_20_rep_oco,0.10735437399526442,0.02964568008633095,0.05467318099026087,0.1754679310055178
Norfolk County,vap_hisp,uss_20_dem_mar,0.7960181447203591,0.06811299094442297,0.6494421392833509,0.9118582269405252
Norfolk County,vap_hisp,uss_20_rep_oco,0.20398185527964094,0.06811299094442297,0.0881417730594749,0.3505578607166491
Norfolk County,vap_oth,uss_20_dem_mar,0.9110425194636637,0.019977626025912652,0.8682866899768467,0.9453938200353857
Norfolk County,vap_oth,uss_20_rep_oco,0.0889574805363364,0.019977626025912652,0.05460617996461418,0.13171331002315342
Plymouth County,vap_white,pre_16_dem_cli,0.46776355261547126,0.004194614478128873,0.46029474912382645,0.47619180753365997
Plymouth County,vap_white,pre_16_rep_tru,0.5322364473845288,0.004194614478128873,0.52380819246634,0.5397052508761736
Plymouth County,vap_black,pre_16_dem_cli,0.939642686763729,0.01899278766611725,0.899053007109808,0.9703385821868723
Plymouth County,vap_black,pre_16_rep_tru,0.06035731323627108,0.01899278766611725,0.029661417813127717,0.10094699289019216
Plymouth County,vap_hisp,pre_16_dem_cli,0.7573695125280703,0.07874295006872895,0.5898169672616481,0.8915119191969714
Plymouth County,vap_hisp,pre_16_rep_tru,0.24263048747192975,0.07874295006872895,0.10848808080302855,0.4101830327383518
Plymouth County,vap_oth,pre_16_dem_cli,0.8950974122156302,0.032246037529524166,0.8166917623330521,0.9452167794100899
Plymouth County,vap_oth,pre_16_rep_tru,0.10490258778436988,0.032246037529524166,0.05478322058991008,0.183308237666948
Plymouth County,vap_white,uss_18_dem_war,0.4188947030150057,0.003954279413678416,0.4109717643829283,0.426556456568916
Plymouth County,vap_white,uss_18_rep_die,0.5811052969849942,0.003954279413678415,0.573443543431084,0.5890282356170716
Plymouth County,vap_black,uss_18_dem_war,0.9203406734113313,0.02375780545529393,0.8697013214387348,0.961028362312831
Plymouth County,vap_black,uss_18_rep_die,0.07965932658866876,0.023757805455293927,0.03897163768716909,0.1302986785612652
Plymouth County,vap_hisp,uss_18_dem_war,0.7912067020892055,0.06880390690513594,0.6312072634952478,0.9035852015316624
Plymouth County,vap_hisp,uss_18_rep_die,0.2087932979107946,0.06880390690513594,0.0964147984683377,0.3687927365047522
Plymouth County,vap_oth,uss_18_dem_war,0.9023664082835698,0.029858243966290988,0.8327683052691283,0.9501095737244767
Plymouth County,vap_oth,uss_18_rep_die,0.09763359171643025,0.029858243966290988,0.04989042627552339,0.16723169473087188
Plymouth County,vap_white,gov_18_rep_bak,0.8309146491289735,0.004211086929858659,0.8223923804371756,0.8388328855861423
Plymouth County,vap_white,gov_18_dem_gon,0.1690853508710264,0.004211086929858661,0.1611671144138577,0.17760761956282445
Plymouth County,vap_black,gov_18_rep_bak,0.5377136993551476,0.060337154036728076,0.4171012920568357,0.6544049554313622
Plymouth County,vap_black,gov_18_dem_gon,0.46228630064485254,0.060337154036728076,0.3455950445686378,0.5828987079431643
Plymouth County,vap_hisp,gov_18_rep_bak,0.45693014474149296,0.15384734068816058,0.16267872255386193,0.7620417196207931
Plymouth County,vap_hisp,gov_18_dem_gon,0.5430698552585072,0.15384734068816058,0.23795828037920688,0.8373212774461382
Plymouth County,vap_oth,gov_18_rep_bak,0.13529877381264338,0.046107759213767294,0.059814525100890435,0.24606440221480874
Plymouth County,vap_oth,gov_18_dem_gon,0.8647012261873567,0.046107759213767294,0.7539355977851911,0.9401854748991098
Plymouth County,vap_white,atg_18_dem_hea,0.5554138661164949,0.003345896126203354,0.54889368422648,0.5619499946790897
Plymouth County,vap_white,atg_18_rep_mcm,0.44458613388350504,0.0033458961262033534,0.4380500053209102,0.45110631577351995
Plymouth County,vap_black,atg_18_dem_hea,0.9416662346941126,0.0178721508469276,0.9003711941246445,0.9696601738864933
Plymouth County,vap_black,atg_18_rep_mcm,0.05833376530588751,0.0178721508469276,0.03033982611350684,0.09962880587535561
Plymouth County,vap_hisp,atg_18_dem_hea,0.7179419167414197,0.07425082634467725,0.5755261041516367,0.8620309758064292
Plymouth County,vap_hisp,atg_18_rep_mcm,0.2820580832585804,0.07425082634467725,0.13796902419357066,0.4244738958483631
Plymouth County,vap_oth,atg_18_dem_hea,0.9437715546625072,0.015874526499515915,0.9079399089628402,0.9695535489431005
Plymouth County,vap_oth,atg_18_rep_mcm,0.05622844533749285,0.01587452649951591,0.03044645105689943,0.09206009103715987
Plymouth County,vap_white,pre_20_dem_bid,0.5286883320316675,0.004031024717067829,0.5212214518988824,0.5366817371318007
Plymouth County,vap_white,pre_20_rep_tru,0.47131166796833246,0.004031024717067829,0.4633182628681993,0.47877854810111753
Plymouth County,vap_black,pre_20_dem_bid,0.922581690983827,0.02285227376854541,0.8711889992525002,0.9621504044812939
Plymouth County,vap_black,pre_20_rep_tru,0.07741830901617298,0.02285227376854541,0.037849595518706265,0.12881100074749985
Plymouth County,vap_hisp,pre_20_dem_bid,0.7640539944491921,0.08785482611312107,0.5679274000282502,0.9013606749156815
Plymouth County,vap_hisp,pre_20_rep_tru,0.235946005550808,0.08785482611312107,0.09863932508431843,0.4320725999717498
Plymouth County,vap_oth,pre_20_dem_bid,0.9057227497188842,0.03513983535279308,0.8213796641319161,0.957258620736636
Plymouth County,vap_oth,pre_20_rep_tru,0.09427725028111579,0.03513983535279308,0.04274137926336394,0.17862033586808387
Plymouth County,vap_white,uss_20_dem_mar,0.5135368239457904,0.003289365539958224,0.507591755444382,0.5204232241838598
Plymouth County,vap_white,uss_20_rep_oco,0.4864631760542097,0.0032893655399582242,0.4795767758161402,0.4924082445556181
Plymouth County,vap_black,uss_20_dem_mar,0.9474303215415637,0.01393958084680956,0.917549349641177,0.9702846483741573
Plymouth County,vap_black,uss_20_rep_oco,0.052569678458436395,0.01393958084680956,0.029715351625842833,0.08245065035882315
Plymouth County,vap_hisp,uss_20_dem_mar,0.8096165844245926,0.06336490416693306,0.6654852128361057,0.9153633227336783
Plymouth County,vap_hisp,uss_20_rep_oco,0.1903834155754075,0.06336490416693306,0.08463667726632165,0.3345147871638944
Plymouth County,vap_oth,uss_20_dem_mar,0.9244254913047071,0.0239546048698116,0.8679416719462163,0.9604716797037319
Plymouth County,vap_oth,uss_20_rep_oco,0.07557450869529296,0.0239546048698116,0.039528320296268134,0.13205832805378365
Suffolk County,vap_white,pre_16_dem_cli,0.7117063323435602,0.006767540922369209,0.6996679224408361,0.7260679281178953
Suffolk County,vap_white,pre_16_rep_tru,0.28829366765643977,0.006767540922369208,0.27393207188210467,0.3003320775591638
Suffolk County,vap_black,pre_16_dem_cli,0.9800651805482131,0.0035190355573166588,0.972349407650724,0.9861454917806589
Suffolk County,vap_black,pre_16_rep_tru,0.019934819451786892,0.0035190355573166583,0.013854508219341062,0.027650592349276026
Suffolk County,vap_hisp,pre_16_dem_cli,0.9192240751832292,0.013350132947831224,0.8917485495526739,0.9438704412888779
Suffolk County,vap_hisp,pre_16_rep_tru,0.08077592481677072,0.013350132947831224,0.05612955871112221,0.10825145044732612
Suffolk County,vap_oth,pre_16_dem_cli,0.9450291295097808,0.012044032219857436,0.9178411479142127,0.9650673297324492
Suffolk County,vap_oth,pre_16_rep_tru,0.054970870490219086,0.012044032219857436,0.0349326702675506,0.08215885208578726
Suffolk County,vap_white,uss_18_dem_war,0.6763164306208753,0.0062966120318110755,0.6646211974550136,0.6891462872984837
Suffolk County,vap_white,uss_18_rep_die,0.32368356937912457,0.0062966120318110755,0.3108537127015162,0.33537880254498625
Suffolk County,vap_black,uss_18_dem_war,0.9780896800276556,0.004071925666021451,0.9694953242865441,0.9852076864102064
Suffolk County,vap_black,uss_18_rep_die,0.0219103199723444,0.004071925666021451,0.014792313589793578,0.030504675713455946
Suffolk County,vap_hisp,uss_18_dem_war,0.9266172732556325,0.012289872994713331,0.9018579724304451,0.9490026105782849
Suffolk County,vap_hisp,uss_18_rep_die,0.07338272674436747,0.012289872994713331,0.05099738942171492,0.09814202756955479
Suffolk County,vap_oth,uss_18_dem_war,0.936980227825196,0.012875674187952582,0.9084392242154492,0.9593451944543411
Suffolk County,vap_oth,uss_18_rep_die,0.06301977217480392,0.01287567418795258,0.0406548055456588,0.09156077578455071
Suffolk County,vap_white,gov_18_rep_bak,0.6430059162151206,0.011352664067533325,0.6203746617069978,0.6642026318749359
Suffolk County,vap_white,gov_18_dem_gon,0.3569940837848794,0.011352664067533325,0.3357973681250641,0.37962533829300193
Suffolk County,vap_black,gov_18_rep_bak,0.35715142477966677,0.01938551734478949,0.31940788235691975,0.39628618820788214
Suffolk County,vap_black,gov_18_dem_gon,0.6428485752203332,0.01938551734478949,0.6037138117921177,0.6805921176430803
Suffolk County,vap_hisp,gov_18_rep_bak,0.430106794812387,0.026240430246447236,0.3770056227275514,0.4812984099015596
Suffolk County,vap_hisp,gov_18_dem_gon,0.569893205187613,0.026240430246447236,0.5187015900984403,0.6229943772724486
Suffolk County,vap_oth,gov_18_rep_bak,0.2416606790494242,0.041080546374943114,0.16826075871081975,0.3224175784266883
Suffolk County,vap_oth,gov_18_dem_gon,0.7583393209505758,0.041080546374943114,0.6775824215733115,0.8317392412891801
Suffolk County,vap_white,atg_18_dem_hea,0.7746888442101512,0.005382301248191707,0.7641189118672447,0.7851530594454837
Suffolk County,vap_white,atg_18_rep_mcm,0.2253111557898488,0.0053823012481917076,0.21484694055451622,0.2358810881327552
Suffolk County,vap_black,atg_18_dem_hea,0.9769222195097309,0.0040193056301714245,0.9682726166610398,0.9837923358062806
Suffolk County,vap_black,atg_18_rep_mcm,0.023077780490269102,0.0040193056301714245,0.01620766419371939,0.03172738333896018
Suffolk County,vap_hisp,atg_18_dem_hea,0.9012202018105379,0.011859729306861721,0.8780969390303945,0.9247290288540716
Suffolk County,vap_hisp,atg_18_rep_mcm,0.09877979818946214,0.011859729306861723,0.07527097114592829,0.12190306096960557
Suffolk County,vap_oth,atg_18_dem_hea,0.9194781077902691,0.01400129754016957,0.8885886241177449,0.9441040761984987
Suffolk County,vap_oth,atg_18_rep_mcm,0.08052189220973086,0.014001297540169572,0.05589592380150118,0.11141137588225512
Suffolk County,vap_white,pre_20_dem_bid,0.7526549506291444,0.007202409512897176,0.7387679903417735,0.7668442499553317
Suffolk County,vap_white,pre_20_rep_tru,0.24734504937085552,0.007202409512897176,0.23315575004466813,0.2612320096582265
Suffolk County,vap_black,pre_20_dem_bid,0.9757343931017971,0.00456671664351014,0.9661996120905317,0.9838912427406329
Suffolk County,vap_black,pre_20_rep_tru,0.02426560689820292,0.00456671664351014,0.016108757259366998,0.03380038790946831
Suffolk County,vap_hisp,pre_20_dem_bid,0.8298132408021938,0.01520740171495299,0.801225797979313,0.8590105559159588
Suffolk County,vap_hisp,pre_20_rep_tru,0.17018675919780626,0.015207401714952992,0.14098944408404115,0.19877420202068688
Suffolk County,vap_oth,pre_20_dem_bid,0.8824047182441781,0.019443295756708053,0.8420741434070195,0.9170033270920512
Suffolk County,vap_oth,pre_20_rep_tru,0.11759528175582179,0.019443295756708053,0.08299667290794857,0.15792585659298047
Suffolk County,vap_white,uss_20_dem_mar,0.7270345803951946,0.005687717346576317,0.7161290791630803,0.7382672863085203
Suffolk County,vap_white,uss_20_rep_oco,0.2729654196048053,0.0056877173465763155,0.2617327136914796,0.2838709208369195
Suffolk County,vap_black,uss_20_dem_mar,0.9749110120069551,0.00462329068859809,0.9653588706748627,0.9831631863842556
Suffolk County,vap_black,uss_20_rep_oco,0.02508898799304489,0.00462329068859809,0.016836813615744378,0.03464112932513723
Suffolk County,vap_hisp,uss_20_dem_mar,0.8768511324359989,0.012546167824948308,0.8516336800604689,0.9008078371184106
Suffolk County,vap_hisp,uss_20_rep_oco,0.12314886756400113,0.012546167824948308,0.0991921628815893,0.1483663199395311
Suffolk County,vap_oth,uss_20_dem_mar,0.9014609072529978,0.01830454675271936,0.863440752018371,0.9328311431426601
Suffolk County,vap_oth,uss_20_rep_oco,0.0985390927470022,0.01830454675271936,0.06716885685733978,0.136559247981629
Worcester County,vap_white,pre_16_dem_cli,0.4518448012565942,0.004332366997684861,0.4436751466106991,0.4608746821919596
Worcester County,vap_white,pre_16_rep_tru,0.5481551987434058,0.004332366997684861,0.5391253178080403,0.5563248533893008
Worcester County,vap_black,pre_16_dem_cli,0.9125074895327494,0.021713985715506444,0.8640359087699344,0.9484665267801369
Worcester County,vap_black,pre_16_rep_tru,0.08749251046725055,0.021713985715506444,0.051533473219863,0.1359640912300655
Worcester County,vap_hisp,pre_16_dem_cli,0.9239938614441492,0.01911456773712375,0.8811974321118226,0.9565484280367527
Worcester County,vap_hisp,pre_16_rep_tru,0.07600613855585073,0.01911456773712375,0.0434515719632473,0.11880256788817738
Worcester County,vap_oth,pre_16_dem_cli,0.9156582155326038,0.020836672845401267,0.8698039905047128,0.9514455318548247
Worcester County,vap_oth,pre_16_rep_tru,0.08434178446739603,0.020836672845401267,0.048554468145175195,0.13019600949528704
Worcester County,vap_white,uss_18_dem_war,0.4341969008227518,0.004100814342808142,0.4271346434771012,0.44320211853569713
Worcester County,vap_white,uss_18_rep_die,0.5658030991772481,0.004100814342808141,0.5567978814643028,0.5728653565228987
Worcester County,vap_black,uss_18_dem_war,0.9077935151388882,0.02439216897996511,0.8529231973421005,0.9472929081303108
Worcester County,vap_black,uss_18_rep_die,0.09220648486111176,0.02439216897996511,0.05270709186968922,0.1470768026578994
Worcester County,vap_hisp,uss_18_dem_war,0.9207024296759728,0.01776001007144568,0.8834009231022274,0.9522760874117474
Worcester County,vap_hisp,uss_18_rep_die,0.07929757032402712,0.01776001007144568,0.04772391258825241,0.1165990768977725
Worcester County,vap_oth,uss_18_dem_war,0.9043577273575093,0.025661135060737517,0.8455090739929898,0.9447224505965481
Worcester County,vap_oth,uss_18_rep_die,0.09564227264249062,0.025661135060737517,0.05527754940345182,0.15449092600701006
Worcester County,vap_white,gov_18_rep_bak,0.8438556731451331,0.006306584442557119,0.831796321298993,0.8564334397844616
Worcester County,vap_white,gov_18_dem_gon,0.1561443268548669,0.00630658444255712,0.14356656021553826,0.16820367870100703
Worcester County,vap_black,gov_18_rep_bak,0.22581232897723152,0.08087161592591564,0.10158921192659089,0.39978642992784563
Worcester County,vap_black,gov_18_dem_gon,0.7741876710227684,0.08087161592591564,0.6002135700721544,0.8984107880734089
Worcester County,vap_hisp,gov_18_rep_bak,0.3706844332865881,0.04123436250365335,0.2939923245187938,0.4508695015420992
Worcester County,vap_hisp,gov_18_dem_gon,0.6293155667134118,0.04123436250365335,0.5491304984579009,0.7060076754812061
Worcester County,vap_oth,gov_18_rep_bak,0.47752946240686683,0.05802849785154133,0.37293166861417626,0.5929646006266851
Worcester County,vap_oth,gov_18_dem_gon,0.5224705375931331,0.05802849785154133,0.40703539937331473,0.6270683313858236
Worcester County,vap_white,atg_18_dem_hea,0.5342986166515336,0.004357370437758952,0.5266958564257419,0.5434361655434253
Worcester County,vap_white,atg_18_rep_mcm,0.46570138334846645,0.004357370437758952,0.4565638344565748,0.47330414357425804
Worcester County,vap_black,atg_18_dem_hea,0.8854325730654347,0.028957643464426485,0.8259309683563788,0.9338340942387331
Worcester County,vap_black,atg_18_rep_mcm,0.11456742693456533,0.028957643464426485,0.06616590576126696,0.17406903164362117
Worcester County,vap_hisp,atg_18_dem_hea,0.918369328687864,0.020199362394702724,0.8733854946252213,0.9526489745421892
Worcester County,vap_hisp,atg_18_rep_mcm,0.0816306713121359,0.020199362394702724,0.04735102545781061,0.12661450537477859
Worcester County,vap_oth,atg_18_dem_hea,0.9202158951510351,0.024070807420226617,0.8653207102355123,0.9577780558844294
Worcester County,vap_oth,atg_18_rep_mcm,0.07978410484896488,0.024070807420226617,0.04222194411557039,0.13467928976448768
Worcester County,vap_white,pre_20_dem_bid,0.5150040770742776,0.0045619216405612065,0.5061342219807481,0.5237525060151104
Worcester County,vap_white,pre_20_rep_tru,0.4849959229257224,0.0045619216405612065,0.4762474939848896,0.49386577801925186
Worcester County,vap_black,pre_20_dem_bid,0.855097440197664,0.0528810300091574,0.7149560852869928,0.9329568005230529
Worcester County,vap_black,pre_20_rep_tru,0.144902559802336,0.0528810300091574,0.06704319947694723,0.2850439147130071
Worcester County,vap_hisp,pre_20_dem_bid,0.7564424375806409,0.0345240205091876,0.6870317467128337,0.8271685649705279
Worcester County,vap_hisp,pre_20_rep_tru,0.2435575624193591,0.0345240205091876,0.17283143502947196,0.3129682532871661
Worcester County,vap_oth,pre_20_dem_bid,0.9287774185943228,0.02098130227153269,0.8801851848449982,0.960477103775079
Worcester County,vap_oth,pre_20_rep_tru,0.07122258140567704,0.02098130227153269,0.039522896224920945,0.11981481515500167
Worcester County,vap_white,uss_20_dem_mar,0.5065711099666492,0.004248482927663242,0.4985243922270178,0.5150147031461766
Worcester County,vap_white,uss_20_rep_oco,0.49342889003335083,0.004248482927663243,0.48498529685382347,0.5014756077729822
Worcester County,vap_black,uss_20_dem_mar,0.872762922891967,0.0347827780846448,0.795428548537184,0.9287832233973391
Worcester County,vap_black,uss_20_rep_oco,0.12723707710803298,0.0347827780846448,0.07121677660266079,0.20457145146281605
Worcester County,vap_hisp,uss_20_dem_mar,0.8485219746581603,0.026091477602200014,0.7975796272195709,0.9000640088161422
Worcester County,vap_hisp,uss_20_rep_oco,0.15147802534183966,0.026091477602200014,0.09993599118385776,0.2024203727804291
Worcester County,vap_oth,uss_20_dem_mar,0.9190091136386072,0.022554391837191306,0.8678423174327524,0.9527754790856466
Worcester County,vap_oth,uss_20_rep_oco,0.08099088636139273,0.022554391837191306,0.04722452091435333,0.13215768256724744
